record_id,cluster,domain_clean,phone_clean,address_clean
7cb3320183865e1058f18798beaad39a,-1,101warehousing.com.au,,AU
8b559648334d96106049b4646d5c7b02,-1,10gig-it.com,390677701.0,"Level 2, 100 Cubitt Street, Cremorne, VIC AU"
cd8b308c1b7380108321311d0d4bcbe0,-1,10play.com.au,,NSW AU
387e521b8397129058f18798beaad3d9,-1,1-11.com.au,,AU
211c68071be79510d1f74119b04bcbdb,-1,123test.com,,NZ
649ab4841b7380108321311d0d4bcb1a,-1,12g.com.au,61882710468.0,321 Goodwood Road Kings Park SA AU
04ca3cc41b7380108321311d0d4bcb36,-1,1300flowers.com.au,731444562.0,"Level 4, 303 Coronation Drive Milton QLD AU"
57b10e1787916550852d0e170cbb35f1,2,1375.cloud,419888388.0,Suite 2 Level 2 / 35 Buckingham Street Surry Hills NSW AU
d28899df336f5a106049b4646d5c7bfa,-1,16quaycentral.com.au,,AU
4320f92b83b5a29058f18798beaad3d3,-1,1call.co.nz,6435779321.0,144 Middle Renwick Road BLENHEIM NZ
b5ff06ec1b8f6850d5d38738dc4bcb2d,-1,1call.com.au,,NZ
964668b1dbb9c11036e3d383f396194b,-1,1cloudstar.com,,"10 Ubi Crescent, #06-97 SG"
f92e75561b0d8294b37020e6b04bcb23,0,1rail.com.au,,AU
9deabc081b7380108321311d0d4bcb2b,-1,1-stop.biz,611300881055.0,PO Box 204 Rockdale NSW AU
3bc3c9691b3c2c10b8ec33fccc4bcb02,1,1stpeople.com.au,,"Units 7, 10 & 11 169 Newcastle Street Fyshwick ACT AU"
ad8a513b33f06614a0c67c845d5c7baa,1,1ststreet.com.au,,AU
73dab8081b7380108321311d0d4bcbf6,2,22fourteen.com.au,894517748.0,22 Coniston Way Ferndale WA AU
2411352383c6529058f18798beaad359,-1,23ict.com.au,1300233444.0,"L1, 61-63 Wellington St St Kilda VIC AU"
b669b6641bde7510b37020e6b04bcb7c,4,29metals.com,,"Level 2, 150 Collins Street Melbourne VIC AU"
e500daec1b8f6850d5d38738dc4bcb85,-1,2degrees.nz,,New Zealand NZ
0f6a34441b7380108321311d0d4bcb2c,1,2evolve.com.au,61281149700.0,"Level 6, 260 Elizabeth Street Sydney NSW AU"
57377bcc33c51e10a0c67c845d5c7b57,1,2gen.com.au,755143389.0,Unit 6 14-16 Kohl Street Upper Coomera QLD AU
589a74841b7380108321311d0d4bcb6f,-1,2sl.com.au,61395850790.0,29 Kembla Street CHELTENHAM VIC AU
37ff0aec1b8f6850d5d38738dc4bcb6c,-1,2way.co.nz,,. NZ
388abc441b7380108321311d0d4bcbfe,-1,2way.net.au,1300669923.0,"Suite 341, 4 Young Street Neutral Bay NSW AU"
39dab4081b7380108321311d0d4bcbcd,-1,2xu.com.au,,243 Burwood Road Hawthorn VIC AU
f7648c85c3a6d6141a9c742a050131ff,-1,31west.com.au,,AU
0d8afc441b7380108321311d0d4bcb00,-1,360consulting.com.au,61280011050.0,"Suite 104, 118 Christie Street St Leonards NSW AU"
c83138821b91e9101c3ddc6fcc4bcbe7,-1,360mms.com.au,,VIC AU
9040decd1b9c7910d1f74119b04bcb62,1,360uw.com.au,,"Suite 1, Level 18, 201 Kent Street Sydney New South Wales AU"
dab7f1ee334066d06049b4646d5c7bae,1,365techcontrols.com.au,,"24 Montgomery Street, Kogarah NSW AU"
add65d5c33b492d0a0c67c845d5c7bc5,1,3bridges.org.au,,320 Liverpool Road Ashfield NSW AU
ddaafc841b7380108321311d0d4bcb52,1,3ca.com.au,61299014114.0,"Suite 2, Level 5, 2-10 Loftus Street Sydney NSW AU"
b8e8c1681bedb410a18b311d0d4bcb39,-1,3columns.io,451751712.0,"2612/101 Bathurst Street, Sydney NSW AU"
e3bab8c41b7380108321311d0d4bcbd6,15,3dav.com.au,417965232.0,"PO Box 190, Winton Road Joondalup WA AU"
0dcf700d1bcb5550b37020e6b04bcb1d,-1,3lights.com.au,733030804.0,10 Eagle Street BRISBANE CITY QLD AU
d6daf4081b7380108321311d0d4bcbf7,1,3m.com.au,,Building A 1 Rivett Road NORTH RYDE NSW AU
5a7a78441b7380108321311d0d4bcbdc,-1,3rdmill.com.au,298695888.0,"Suite 23, Level 4, 924 Pacific Hwy Gordon NSW AU"
4bea70481b7380108321311d0d4bcb22,9,3tsolutions.com.au,61373797326.0,"Century Building, 1009/125 Swanston Street Melbourne Vic AU"
04ca6f9bdbd6bd10ecfba6bad39619e9,-1,3verest.com,292138118.0,"Level 2/61 Dunning Ave, Roseberry NSW AU"
5e7a78441b7380108321311d0d4bcbde,-1,3w.com.au,61738973009.0,"Level 12, 1 Pacific Highway North Sydney NSW AU"
527a78441b7380108321311d0d4bcbe1,-1,41stdegree.com.au,61364319466.0,"Level 1, 10 Wilson Street Burnie TAS AU"
60b6f3a8db8c059036e3d383f3961919,-1,42-24.com.au,1800650779.0,"1/134-136 Main Road, Moonah Tasmania AU"
27dab8081b7380108321311d0d4bcb1f,3,4ampac.com.au,,"Level 5/111 Phillip St, Parramatta NSW AU"
e97f67061b642c10b8ec33fccc4bcbe6,-1,4dmedical.com,,5/468 St. Kilda Road Melbourne VIC AU
2ba7b71083fa129058f18798beaad3f9,-1,4dworkshop.com.au,,AU
3c4d22adc3a392d01a9c742a050131c7,-1,4impact.com,1300112100.0,Lvl 9/410 Queen Street Brisbane QLD AU
c81052201bcf6850d5d38738dc4bcb46,-1,4impact.com.au,1300112100.0,. NZ
549a74841b7380108321311d0d4bcb7f,-1,4logic.com.au,61863367444.0,"Unit C1B, 4 King Edward Road Osborne Park WA AU"
b8d507781bfb1550d1f74119b04bcbc3,-1,4tel.com.au,,29 Warabrook Boulevard Warabrook NSW AU
6dc03c6b1b2641909d4e21fc274bcbcd,-1,5gnetworks.com.au,1300101112.0,Level 7 / 505 Little Collins Street MELBOURNE VIC AU
ba5459a91b1d78909d4e21fc274bcbf6,-1,5gx.com.au,,"110, L2, Waterman Business Centre, UL40, Chadstone VIC AU"
3ea43ce5dbf1e01036e3d383f396196d,-1,5thlevel.net,731026761.0,"4/16-18 Beenleigh-Redland Bay Road, Loganholme OLD AU"
7b09409433491e10a0c67c845d5c7bc6,-1,6875-au.all.biz,883462322.0,"UNIT 2, 54-56 GRANGE ROAD WELLAND SA AU"
31ef05681b32e1101c3ddc6fcc4bcb8b,-1,6pillars.ai,64274818885.0,11/815 Pacific Hwy Chatswood NSW AU
a90b7c481b7380108321311d0d4bcbfc,-1,6ys.com,1300665697.0,"Level 2, 346 Turbot Street Brisbane QLD AU"
7cda34081b7380108321311d0d4bcbf8,-1,7eleven.com.au,,357 Ferntree Gully Road Mount Waverley VIC AU
5fdeae761b6a15141c3ddc6fcc4bcbd8,-1,800super.com.sg,97312667.0,"17A Senoko Way, Singapore SG"
1b00deec1b8f6850d5d38738dc4bcbab,-1,803.mnd.gov.tw,,. NZ
deca30081b7380108321311d0d4bcb7b,-1,98capital.com,,. . . AU
3a923d5fdb7f7510ecfba6bad396196e,-1,9points.com.au,411569871.0,63 Pinelands Circuit Redland Bay QLD AU
55a044501b6f5d90b37020e6b04bcbe5,-1,a10networks.com,,CNEE IN AWB RESOURCES FREIGHT PTE LTD RUBY WAREHOUSE COMPLEX PH
5d57bbcc33c51e10a0c67c845d5c7b2c,-1,a1t.com.au,290836600.0,"L1, 68 Alfred Street Milsons Point NSW AU"
880eac8287959550852d0e170cbb35b0,-1,a23.com.au,1800223228.0,"Level 4, 10 Hobart Place Canberra ACT AU"
058afc441b7380108321311d0d4bcb05,4,a2ktechnologies.com.au,611800223562.0,"Level 1, 255-259 Pacific Hwy North Sydney NSW AU"
7579d6c0331b86d4a0c67c845d5c7bb5,2,a4techservices.com.au,403316384.0,"58 Tablelands Street, BOX HILL New South Wales AU"
02abe0c51ba349d0a18b311d0d4bcbe1,6,aa.co.nz,,NZ
15f9c6f933c30650a0c67c845d5c7be6,-1,aaacomms.com,,AU
b5baf4c41b7380108321311d0d4bcbac,-1,aaco.com.au,,"Level 12, 680 George Street Sydney NSW AU"
489a74841b7380108321311d0d4bcb0c,-1,aacp.com.au,,"Unit 9, 65 Tennant Street Fyshwick ACT AU"
167ab8441b7380108321311d0d4bcb0f,-1,aagintegration.com.au,61283833200.0,"Suite 2405, Level 24, Westfield Tower 1, 520 Oxford St Bondi Junction NSW AU"
e71f82c783664e5058f18798beaad370,-1,aai.com.ph,,Kaingin Rd Multinational Dr Paranaque City PH
59f83c1f87cea5d0852d0e170cbb35ad,-1,aainsurance.co.nz,,"17th Floor, A A Centre Auckland NZ"
549a74841b7380108321311d0d4bcb6d,-1,aalhysterforklifts.com.au,61395478000.0,1574 Centre Rd Springvale VIC AU
ed10d09d83a61a1058f18798beaad32c,6,aamig.com.au,,12/1 Eagle Street Brisbane QLD AU
74da34081b7380108321311d0d4bcbe2,5,aap.com.au,,3 Rider Boulevard Rhodes NSW AU
5218cfcf1b9b8d90a18b311d0d4bcb29,-1,aapmbf.com.au,,AU
a3051005c3e7da901a9c742a050131c6,6,aaradio.com.au,,AU
4bbab8c41b7380108321311d0d4bcb2b,-1,aarnet.edu.au,,"Level 2, Building 1Binary Centre, 3 Rich North Ryde NSW AU"
44637b0f33f8a6106049b4646d5c7b30,3,aaronsansoni.com,,"84-88 Montague Street South Melbourne, VIC AU"
51a01fc91b1301909d4e21fc274bcbea,29,aarvitech.co.nz,,38a Hutchinson Avenue Auckland NZ
24ea3c081b7380108321311d0d4bcb22,-1,aat.gov.au,,Level 6 83 Clarence St Sydney NSW AU
b201f12383c6529058f18798beaad341,0,aatroxcommunications.com.au,61383972990.0,"LEVEL 11, 160 QUEEN ST MELBOURNE VIC AU"
641b492783758a5058f18798beaad3c1,3,aawglobal.com.au,,Melbourne VIC AU
a07ab4441b7380108321311d0d4bcbbb,1,aaxispacific.com.au,61298813333.0,24-32 Forge St Blacktown NSW AU
94f9abaec3bede101a9c742a050131cf,-1,aayfinancial.com.au,,70 Callide St Biloela QLD AU
31313f26c33212501a9c742a050131af,1,abacustaxation.com.au,,"21 Dennis Road Springwood, QLD AU"
14f6ec5333675a106049b4646d5c7b77,7,abaris.com.au,,AU
bc9aeb0b1be471d0b37020e6b04bcb2d,-1,abbe.com.au,,23-49 Maffra Street Collaroo Victoria AU
0f6a34441b7380108321311d0d4bcb3e,-1,abbotpointoperations.com.au,61747862244.0,Abbott Pnt Bowen QLD AU
999e48981bf4f090a18b311d0d4bcb7e,-1,abbott.com.sg,,SG
2523344e33c4ee906049b4646d5c7b14,8,abbotts.net.au,,AU
298d688c33006e50a0c67c845d5c7b1e,-1,abbyhealth.app,,"Castlereagh Street Sydney, NSW AU"
36da38081b7380108321311d0d4bcbd9,5,abc.net.au,,Sydney ABC Ultimo Centre 700 Harris Stre Ultimo NSW AU
117a38441b7380108321311d0d4bcb5d,-1,abchina.com,61282278888.0,"Level 18, Chifley Tower, 2 Chifley Squar Sydney NSW AU"
b982dc4f3368ea506049b4646d5c7b74,12,abctissue.com,,AU
ca2a9e071bcec510a18b311d0d4bcb27,-1,aberdeeninvestments.com,,"65 Chulia St #01-00, OCBC Centre, Singapore SG"
d73a44331b26d0108321311d0d4bcb4f,-1,abergeldie.com,,NSW AU
c3ca70081b7380108321311d0d4bcbbb,5,abf.gov.au,,"2 Constitution Ave, Canberra ACT AU"
193e01e833fcd2d0a0c67c845d5c7b90,-1,abia.com.au,,AU
b1e90f7b33e426906049b4646d5c7b41,-1,abi-info.fr,687251963.0,4 ROUTE DE L'ANSE VAT Noumea CEDEX AU
a0c84b61c3569a901a9c742a05013127,1,abiinteriors.com.au,730676242.0,"3/128 Kortum Dr, Burleigh Heads QLD AU"
8a7a78441b7380108321311d0d4bcb95,1,abilitywa.com.au,,106 Bradford St Coolbinia WA AU
aa1c1e35337fda106049b4646d5c7b8a,-1,abindustries.com.au,,NZ
0747a37c1b2559101c3ddc6fcc4bcb69,-1,abinternational.co.nz,,3/117 Montgomerie Road Mangere Auckland NZ
99a092f333441e10a0c67c845d5c7b03,-1,abitsolutions.com.au,434007230.0,13 Pecan Court Oakleigh South Victoria AU
1223345cc3568ad01a9c742a0501315d,12,abjsolutions.com.au,,AU
ee0bfc481b7380108321311d0d4bcbbc,8,abl.com.au,,VIC AU
6b8a34841b7380108321311d0d4bcb17,4,ablcorp.au,,QLD AU
661b8ed63345e6106049b4646d5c7bc5,8,abmarc.com.au,399705510.0,445 Gum Flats Road Wensleydale VIC AU
0bca70081b7380108321311d0d4bcb88,8,abnamroclearing.com,,. AU
3c9ab4841b7380108321311d0d4bcb65,-1,abngroup.com.au,61892004500.0,Level 3 133 Hasler Road Osborne Park WA AU
be563b81c3ee5a141a9c742a050131b5,1,abodeliving.com,,AU
0b67d1941bf34910d1f74119b04bcb4d,-1,aboitiz.com,,"NAC TOWER, 32BD ST BGC TAGUIG PH"
d97546a8dbf8c6d0ecfba6bad396195d,1,aboitizdatainnovation.com,,PH
582a69e483220e1058f18798beaad3f5,-1,aboitizinfracapital.com,,"Aboitiz Corporate Center, Cebu City PH"
fdfcb968db891d50bb356173059619f2,-1,aboitizpower.com,,"NAC Tower, 32nd Street, Bonifacio Global City PH"
3b14038d33586a14a0c67c845d5c7b48,-1,aboriginalcs.org.au,,67 Henley Beach Road Mile End SA AU
c5db56ab33ef5a10a0c67c845d5c7ba3,9,aboundgroup.com.au,,AU
152482211b3b9950d1f74119b04bcb66,-1,about.blibli.com,,INDO
07ca70081b7380108321311d0d4bcb86,-1,aboxford.com.au,,. AU
ef9af8841b7380108321311d0d4bcbc6,-1,abpat.qld.edu.au,,10 A.B. Paterson Drive ARUNDEL QLD AU
fc2161411b3619101c3ddc6fcc4bcbb7,-1,abpcyber.com,6562900488.0,143 Cecil Street # 10-01 GB Building Singapore 069542 SG
539af8841b7380108321311d0d4bcb4b,-1,abr.business.gov.au,,308 Hyde Street Yarraville VIC AU
9cba74c41b7380108321311d0d4bcb36,10,abs.gov.au,,"ABS House, 45 Benjamin Way Belconnen ACT AU"
509a74841b7380108321311d0d4bcb50,1,absh.com.au,61393397800.0,"Unit 7, 42 Global Drive Tullamarine VIC AU"
5a4d98d433f7d2506049b4646d5c7bdc,8,absinstitute.com.au,,AU
4fd285d01b093550b37020e6b04bcbd1,6,absoluteit.com.au,863640682.0,"Unit 2, 35 Kimmer Place Queens Park WA AU"
5c67bbcc33c51e10a0c67c845d5c7b33,1,absoluteitconsulting.com,280006900.0,PO Box 110 Enfield NSW AU
87673fcc33c51e10a0c67c845d5c7b13,-1,abtcgroup.com.au,1300361112.0,"Suite 1.05, Level 1, Bldg 1 North Ryde NSW AU"
50bca44533419250a0c67c845d5c7bed,-1,abtechnologies.com.au,,10A/121 Evans Road Salisbury QLD AU
018afc441b7380108321311d0d4bcb27,29,abtgroup.com.au,61298787111.0,"Level 1, 37 Epping Road Sydney NSW AU"
8be165991b32a850a18b311d0d4bcb96,-1,ac.edu.au,,Sydney NSW AU
deeafc081b7380108321311d0d4bcbaf,-1,ac3.com.au,61291990888.0,"L7, 477 Pitt Street Haymarket NSW AU"
cb17fff58311e21058f18798beaad30c,-1,acaciaridgeyarravalley.com.au,,AU
d34288091b24f190b37020e6b04bcb72,-1,acacia-soft.com,,"24 Doña Justina Filinvest East Homes, Mayamot, Antipolo, Rizal PH"
9026644d1b583910d1f74119b04bcbc3,-1,academy.europa.eu,,AU
4edaf4081b7380108321311d0d4bcb86,4,acat.act.gov.au,,"Level 1, 278 Ferntree Gully Road Notting Hill VIC AU"
d9ffc2ec1b8f6850d5d38738dc4bcb24,-1,acc.co.nz,,Justice Centre 19 Aitken Street Wellington NZ
3f69e7e11b4eb110b37020e6b04bcb5d,-1,acc.edu.au,,AU
ac5ab44f83861e5058f18798beaad3d4,5,accare.org.au,,5 Kealley Street Berri South Australia AU
3ac561621b8701509d4e21fc274bcb3f,-1,accbeef.net.au,,QLD AU
cfca70081b7380108321311d0d4bcbb8,-1,accc.gov.au,,"65 Lathams Road, Carrurn Downs VIC AU"
6b8b30d5c3639e901a9c742a05013174,-1,accc.org.au,,AU
e947c7fd1b92ad141c3ddc6fcc4bcb72,-1,acceligent.com.ph,,"33/F Robinsons Equitable Tower Pasig, Kalakhang Maynila PH"
2aeab899c36e9a141a9c742a050131f3,26,accelltherapy.com.au,,AU
5a7a78441b7380108321311d0d4bcbe5,-1,accentbusinesstechnology.com.au,1300222368.0,323 Keira St Wollongong NSW AU
c1009aec1b8f6850d5d38738dc4bcbf5,-1,accentconstruction.co.nz,,. NZ
2a1f7ab183f19e1058f18798beaad3c8,-1,accentgroup.co.nz,,"LEVEL 1, NORTHGATE BUSINESS PARK WELLSFORD NZ"
424819d51b9ced90d1f74119b04bcb98,-1,accentrex.com.ph,,"SPACE A, UNIT L24, PETRON MEGAPLAZA OFFICE CONDOMI Makati SG"
095f521f1bf2b4509bdc98eb274bcb9a,-1,accenture.com,,"Raffles City Tower, Singapore SG"
2bcd83cbdb98495036e3d383f39619f9,-1,access4.com,1300518063.0,Level 4/658 Church St Richmond VIC AU
3faaf0c41b7380108321311d0d4bcbfb,-1,accesshc.org.au,,283 Church Street Richmond VIC AU
1a2784d833734650a0c67c845d5c7b4a,23,accesshealthcare.com,,"6th Floor, Venice Corporate Center, Taguig City PH"
66ea30481b7380108321311d0d4bcb4f,11,accesshq.com,61294675000.0,"112 Alexander St, Crows Nest NSW AU"
74de1bcf33e75610a0c67c845d5c7b6a,-1,accessidentity.com.au,418552995.0,"Unit 2, 380 Clayton Road Clayton South Victoria AU"
5358ed53837d229058f18798beaad390,1,accession3.com.au,,420 Ruthven Street Toowoomba City QLD AU
498024d033c91e10a0c67c845d5c7b52,-1,access-networks.co.nz,65092188890.0,5/ 138 Bassett Rd Remuera Auckland NZ
ce7308161b7fc150d1f74119b04bcbf0,1,accesstel.com.au,,U 202 757 BOURKE STREET Docklands Victoria AU
13defa4233f79e106049b4646d5c7bef,-1,accidentlegal.com.au,,AU
9e8471ab874cc290852d0e170cbb3569,-1,acciona.com,,"The Enterprise Center Tower 2, Paseo de Roxas, Makati City PH"
7c58a2cd331c1210a0c67c845d5c7b64,-1,acciona.com.au,,11 Eastern Rd South Melbourne Victoria AU
6c6270fd1be254502e96411ecc4bcb96,-1,acclaimedworkforce.com.au,,level 11/54 Miller St North Sydney NSW AU
fa8064d033c91e10a0c67c845d5c7b9b,-1,acclinks.com,8675586371740.0,"Room 2605, East Building, Yihai Plaza, ShenZhen, PRC NZ"
3b6a74441b7380108321311d0d4bcb4c,6,accolade-wines.com,61883922222.0,Reynell Rd Reynella SA AU
35a0b05c1b9f89509d4e21fc274bcbb2,-1,accorplus.com,,L3 110 Walker Street North Sydney NSW AU
86cafcc41b7380108321311d0d4bcbed,-1,accountancyinsurance.com.au,,"402,19 Roseby Street Dumoin NSW AU"
03b67c01830f9a1058f18798beaad352,-1,accountantlist.com.au,,AU
9882d18b83ca1e5058f18798beaad383,-1,accounts.stuff.co.nz,,AU
2bbaf8c41b7380108321311d0d4bcb28,-1,accrufelsers.com,,"L6, 1 Chifley Square Sydney NSW AU"
e8d286db334dd6106049b4646d5c7b82,-1,accrumelb.com.au,,"50 Camberwell Road Hawthorn East, VIC AU"
b377bfcc33c51e10a0c67c845d5c7b4a,-1,accsysit.com.au,386096368.0,1/5 Enterprise Drive Rowville VIC AU
5e7a78441b7380108321311d0d4bcbe7,-1,accucom.com.au,,"27 Brookhollow Ave, Norwest Business Park Baulkham Hills NSW AU"
ffe0f6a2c3de4a941a9c742a050131f8,-1,accumaxlab.com,,MY
ff5560fc83e31e9058f18798beaad3bf,5,accuraco.com,,AU
d774906bc3e12a101a9c742a05013115,1,accurateservices.com.au,,AU
e20bfc481b7380108321311d0d4bcbbf,-1,acd.com.au,,NSW AU
752a51403334a6906049b4646d5c7bb7,12,acecqa.gov.au,,AU
201092201bcf6850d5d38738dc4bcb5a,13,acedumaguetedoctors.com,,. NZ
f3eab0481b7380108321311d0d4bcb88,1,acegutters.com.au,,69 Boundary Rd Mortdale NSW AU
5306e11833bd9e10a0c67c845d5c7b01,-1,acehsc.com.au,,AU
a9dab4081b7380108321311d0d4bcb5a,-1,acelium.com,,PO Box 231177 Boston MA AU
b75372e51b1a3050a18b311d0d4bcb6e,-1,acem.org.au,,Melbourne VIC AU
1b00deec1b8f6850d5d38738dc4bcbd0,-1,acemcbohol.ph,,. NZ
8a1056201bcf6850d5d38738dc4bcb4c,-1,acemedicalcentercebu.com,,NZ
5497330033091e10a0c67c845d5c7b6d,-1,acenetsolutions.com.au,297198881.0,PO Box 524 Drummoyne NSW AU
c8512969c3f58e101a9c742a0501318b,-1,acenrenewables.com,,"35F Tower 2, Ayala Triangle Gardens Makati City PH"
d818364e1b5615901c3ddc6fcc4bcbe9,-1,acenrenewables.com.au,,AU
ddb6d3631b431c50a18b311d0d4bcb4f,-1,acequity.com.au,,3/30 Kings Park Road West Perth Western Australia AU
c2ba38c41b7380108321311d0d4bcb3d,-1,acer.com,287623050.0,"Building G, L2 Homebush West NSW AU"
21fbf6311b6209509d4e21fc274bcb1e,-1,acer.org,,AU
f4886e6583751e1058f18798beaad34f,14,acerez.com.au,,AU
c0d6cf263384d2106049b4646d5c7b8d,-1,aces.school.nz,,"Second Floor, 520 Queen Street Auckland CBD NZ"
19d45dc01b90e590b37020e6b04bcbeb,-1,acesinc.org.au,,AU
de360bfa1bc96510b37020e6b04bcb95,-1,aceteamnetworks.com,,"Suite 306, Level 3, Block C Petaling Jaya, Selangor MY"
163ffe5b1b3b30909bdc98eb274bcb7a,-1,acfs.com.au,,"Gate, B53/2 Simblist Rd Port Botany NSW AU"
0d8afc441b7380108321311d0d4bcb09,-1,acgfs.com.au,61293301600.0,"Suite 203, 247 Coward St Mascot NSW AU"
20f88f98db3a741036e3d383f3961940,12,achgroup.org.au,,AU
e793e450830fd21058f18798beaad3aa,-1,achieveaustralia.org.au,,"L 1, 1 Epping Road New South Wales North Ryde AU"
527a78441b7380108321311d0d4bcbea,1,achieveit.com.au,61398882366.0,"Level 1, 1 Redwood Drive Notting Hill VIC AU"
31e9888d1bc96c50a18b311d0d4bcbf3,-1,aciar.gov.au,,38 Thynne St Bruce ACT AU
28ea3c081b7380108321311d0d4bcb6c,-1,acic.gov.au,,ACT AU
f91016201bcf6850d5d38738dc4bcbfd,-1,aciem.co.nz,,. NZ
8f626cd333ac6e506049b4646d5c7b59,-1,acifund.com.au,,AU
5262ce0733509e10a0c67c845d5c7bec,6,acilallen.com.au,,"Suite 4, Level 19, North Tower Melbourne VIC AU"
23aa178c1b606514d1f74119b04bcb34,-1,acit.co.nz,95782248.0,"Level1, 35 St Johns Road Meadowbank Auckland NZ"
d51b34881b7380108321311d0d4bcbd2,6,ack.com.au,297580455.0,2A Yangoora Rd Belmore NSW AU
011b34881b7380108321311d0d4bcb68,-1,acm.media,,Ground Floor / One Darling Island Pyrmon SYDNEY 2009 AU
a4ba74c41b7380108321311d0d4bcba7,5,acma.gov.au,61262195555.0,"Red Building, Benjamin Offices, Chan Str Belconnen ACT AU"
8771df48c35316101a9c742a0501312d,6,acmcrc.com,,"50 Brushy Park Rd, Wonga Park VIC AU"
72ca70081b7380108321311d0d4bcb4f,1,acme.com,98765432.0,"123, Main Street Sydney New South Wales AU"
d6da38081b7380108321311d0d4bcb1b,5,acmi.net.au,,"Federation Square, Flinders St, Melbourn VIC AU"
b8e00bf233845610a0c67c845d5c7b45,-1,acmobility.ph,,"City Center, 932 28 St. Taguig City PH"
58d2f5371b4fac10a18b311d0d4bcba1,-1,acn.edu.au,,"Level 6, 9 Wentworth St Parramatta NSW AU"
65fb46a4c3e3d6901a9c742a050131e8,-1,acnc.gov.au,,100 Raby Road Gledswood Hills NSW AU
acba74c41b7380108321311d0d4bcb5a,1,acnpacific.com.au,1300881778.0,1 Pacific Hwy North Sydney NSW AU
1f1789bac3935a501a9c742a050131e1,-1,aco.com.au,,AU
b29ab8841b7380108321311d0d4bcb60,-1,acoaus.com.au,611300765226.0,134-140 Old Bathurst Road Emu Plains NSW AU
d5aafc841b7380108321311d0d4bcb57,-1,acolade.com.au,61296400485.0,"Level 2, Quality Centre, 14 Telopea Avenue, Homebush West NSW AU"
8c142d22c3dda6101a9c742a0501311d,-1,acor.com.au,,AU
f79f2d621b8c81109bdc98eb274bcb9a,-1,acorppcs.com,1300879226.0,"Level 35, 100 Barangaroo Avenue BARANGAROO Sydney NSW AU"
b052436a33602a506049b4646d5c7b7f,-1,acpl.com,410485811.0,"TWO MELBOURNE QUARTER, DOCKLANDS MELBOURNE VIC AU"
521c8f9c33ece210a0c67c845d5c7ba2,-1,acplrollers.com.au,,AU
b87bf04c1b7380108321311d0d4bcb79,-1,acquia.com,,Level 2 North Sydney NSW AU
6eff46ec1b8f6850d5d38738dc4bcbdc,-1,acquire.co.nz,116495792555.0,205 Marua Rd ELLERSLIE AUCKLAND . NZ
490b3c481b7380108321311d0d4bcbfd,-1,acquire.com.au,,222 Barry Parade Fortitude Valley QLD AU
375d5c8c1bdcd110d1f74119b04bcb7d,1,acquirebpo.com,,15/10 Queens Rd Melbourne Victoria AU
d9aafc841b7380108321311d0d4bcb59,15,acr.com.au,1300759505.0,Penrith NSW AU
abc2e09e334462d0a0c67c845d5c7bdf,1,acronis.com,,AU
92005eec1b8f6850d5d38738dc4bcbe7,-1,acronym.co.nz,95201639.0,PO BOX 11157 Ellerslie Auckland NZ
4206639c1bd0a050a18b311d0d4bcbe1,-1,acrrm.org.au,,QLD AU
88005aec1b8f6850d5d38738dc4bcb06,-1,acs-bytes.com,,. NZ
50cfc351339892106049b4646d5c7b7d,-1,acsdata.co.nz,6449392200.0,"25 Victoria Street, Petone, LOWER HUTT NZ"
87aab0c41b7380108321311d0d4bcb74,-1,acsfoundation.com.au,,"Level 11, 50 Carrington Street Sydney NSW AU"
c5422bc087c22590852d0e170cbb35e0,16,acsgroup.co.id,,INDO
9eaa70c41b7380108321311d0d4bcb51,-1,acsl.net.au,411266327.0,"Unit 151, 1 Brown Street, Ashfield NSW AU"
5c9bf88c1b7380108321311d0d4bcb9c,1,act.gov.au,,"1 Constitution Ave, Canberra Nara Ctr L 2 Canberra ACT AU"
d4ca3cc41b7380108321311d0d4bcb6d,-1,actcross.org.au,419977558.0,PO BOX 191 Mitchell ACT AU
969a78841b7380108321311d0d4bcb7f,5,acte.com.au,61738275300.0,3 Westmoreland Boulevard Springwood QLD AU
dae4c3ff8375d21058f18798beaad373,7,actemium.com.au,,AU
6b8a34841b7380108321311d0d4bcb20,1,actewagl.com.au,131493.0,16 Lithgow Street Fyshwick ACT AU
4579b17fdb83bc9036e3d383f3961902,1,actforpeace.org.au,,NSW AU
36ea30481b7380108321311d0d4bcbba,1,actian.com,385301700.0,"Level 8, Suite 1 , 616 St. Kilda Road Melbourne NSW AU"
d26bb80c1b7380108321311d0d4bcbfd,1,actifio.com,,Level 12 309 Kent Street SYDNEY NSW AU
2a3edd66db408a50ecfba6bad3961965,11,actioncancerhospital.com,,"A Unit of Manav Sevarth Trust, H-2, FC-34, A-4 Paschim Vihar New Delhi NZ"
fb9e924d33295e90a0c67c845d5c7bb6,-1,actioninsurance.com.au,,AU
f30012201bcf6850d5d38738dc4bcbba,17,actioninternational.org,,NZ
20140fca1baf0dd09d4e21fc274bcb29,27,actionlabs.com.ph,,PH
0fca70081b7380108321311d0d4bcb8a,17,activ.asn.au,,"327 Cambridge Street, Wembley WA AU"
5a7a78441b7380108321311d0d4bcbee,-1,activ8it.com.au,,"Suite 406, 7 Jeffcott Street West Melbourne VIC AU"
9c005aec1b8f6850d5d38738dc4bcb74,23,activatenz.co.nz,,PO BOX 10 418 The Terrace Wellington NZ
899ccf8e33b02ad0a0c67c845d5c7b4d,10,activeaccountinggroup.com.au,,12 Knobel Ct Shailer Park QLD AU
97ceea0c1b30a150d1f74119b04bcb74,17,activebusiness.com,63288931111.0,"17th Floor, BA Lepanto Building Makati City PH"
7aea30481b7380108321311d0d4bcb99,-1,activedisplay.com.au,610397015559.0,23 Fiveways Blvd Keysborough Vic AU
db425248835fd21058f18798beaad39a,-1,activehealthcare.co.nz,,"74 Highbrook Drive, Highbrook Auckland Auckland NZ"
cc3380ac83d7d61058f18798beaad383,9,activemobility.com.au,,AU
091b34881b7380108321311d0d4bcb87,-1,activesuper.com.au,,Level 12 28 Margaret St. Sydney NSW AU
51bab4c41b7380108321311d0d4bcbdc,21,activetreeservices.com.au,61299974422.0,77 Bassett Street Mona Vale NSW AU
e80bf8481b7380108321311d0d4bcb8c,-1,activict.webflow.io,,NSW AU
4a21752383c6529058f18798beaad3ec,-1,activsync.com.au,413930322.0,27 Bayview Ave Haywards Bay NSW AU
f41092201bcf6850d5d38738dc4bcbd6,0,acton.co.nz,,. NZ
649ab4841b7380108321311d0d4bcb11,5,actu.org.au,61396647333.0,Level 6/365 Queen Street Melbourne VIC AU
8dbab4c41b7380108321311d0d4bcb97,-1,acu.edu.au,61399533000.0,115 Victoria Parade Fitzroy VIC AU
9bb15e1f1b058d109bdc98eb274bcb37,-1,acumencentral.com.au,,"Level 2, 101 Station Road Auckland NZ"
7ebfdcb31b819d901c3ddc6fcc4bcb6e,-1,acumenis.com.au,1300450970.0,Toowoomba Central Plaza Toowoomba QLD AU
c609aa41c30686901a9c742a050131f2,-1,acumentis.com.au,,AU
a9c97c8b1b164510a18b311d0d4bcb5e,1,acurus.com.au,1300885220.0,"Level 26, 150 Lonsdale Street Melbourne Victoria AU"
5a2f45331b139990b37020e6b04bcb54,-1,acw-group.com.ph,,Unit 2301 The Orient Square Bldg. F. Ortigas Jr. A Pasig City 1605 PH
62e2da6b334d5a106049b4646d5c7b86,-1,acybersolutions.com.au,1300484396.0,"1 Studio Dr , Sydney NSW AU"
c7565c79dbabe510ecfba6bad3961969,-1,ada.com.au,,1 Equator Road Thomastown Victoria AU
a8b5be181b9c50901312982d0d4bcb62,-1,adactin.com,424976329.0,"Level 3, Civic Arcade Centre Parramatta NSW AU"
ac54be8d83579e1058f18798beaad397,-1,adad.com.au,,AU
d78af0841b7380108321311d0d4bcb3d,1,adairs.com.au,,2 International Ct Scoresby VIC AU
527a78441b7380108321311d0d4bcbf3,1,adam.com.au,,GPO Box 121 Adelaide SA AU
734ff1f7c339d2101a9c742a050131b0,6,adamantem.com.au,,2 Chifley Square Sydney NSW AU
1e7ab8441b7380108321311d0d4bcb01,1,adamsconsulting.com.au,61385405400.0,"Suite 26, 202 Ferntree Gully Rd Notting Hill VIC AU"
be9ab8841b7380108321311d0d4bcb4b,-1,adaniaustralia.com,61732234800.0,"Level 25, 10 Eagle Street Brisbane QLD AU"
dfaaf0c41b7380108321311d0d4bcb2b,-1,adansw.com.au,,NSW AU
50363d7fdbd1055036e3d383f3961912,1,adaps.com,,"Suite 231, 1 Queens Rd Melbourrne Victoria AU"
ae90a4d033c91e10a0c67c845d5c7bcf,-1,adapt.co.nz,,PO BOX 6566 Christchurch NZ
4efc7510838f161058f18798beaad346,-1,adapt.com.au,,AU
cdff82ec1b8f6850d5d38738dc4bcbf0,-1,adaptivecloud.nz,,NZ
018afc441b7380108321311d0d4bcb0c,-1,adaptivesolutions.com.au,61283832333.0,"Suite 106/Ibc Australian Technology Park, 2 Cornwallis St Eveleigh NSW AU"
34234f5f1bdfcd90a18b311d0d4bcb05,-1,adb.org,,SG
2f6a74441b7380108321311d0d4bcb33,-1,adbri.com.au,,Level 1 157 Grenfell Street ADELAIDE SA AU
2c005aec1b8f6850d5d38738dc4bcbbf,-1,adc.co.nz,,. NZ
151b74881b7380108321311d0d4bcb32,-1,adc.org.au,,Level 6/469 La Trobe St Melbourne VIC AU
7ef583961bead4502e96411ecc4bcbc9,22,adcoconstruct.com.au,,WA AU
27eab0481b7380108321311d0d4bcb5c,-1,adcorp.com.au,,"Level 1, 7 Kelly Street Ultimo NSW AU"
4aa7330033091e10a0c67c845d5c7b77,1,adcredo.com.au,415064685.0,PO Box 882 Sutherland NSW AU
127ab8441b7380108321311d0d4bcb04,6,addaxsolutions.com,61892047100.0,"1st Floor, Addax House Innaloo WA AU"
f435f1788321e21058f18798beaad3fd,1,addcom.com,288775630.0,"Suite 3.01, Level 3, Building 1, 3 Richardson Pl. North Ryde NSW AU"
bba7b30033091e10a0c67c845d5c7bac,-1,addcomcontactsolutions.com.au,1300789600.0,"Level 1, Building 1, Suite 1.05 North Ryde NSW AU"
10d7a7b1dbfab5d0ecfba6bad39619d4,18,addirect.com.au,411197477.0,64 Avian Crescent Lane Cove North NSW AU
d0f15f48db21855036e3d383f3961931,-1,addisons.com,,Level 11 Royal Exchange 56 Pitt Street Sydney NSW AU
ff6a74441b7380108321311d0d4bcb8e,1,adecco.com.au,61399542100.0,"Level 16, 28 Freshwater Place Southbank VIC AU"
95ea7c081b7380108321311d0d4bcbfa,-1,adelaide.edu.au,883133414.0,Adelaide SA AU
d617614b1becdd90d1f74119b04bcbb5,-1,adelaidefestivalcentre.com.au,,AU
e13534ff1b0ef4109d4e21fc274bcb11,26,adelaidemetro.com.au,,AU
62ba78c41b7380108321311d0d4bcb44,-1,adelaideoval.com.au,,War Memorial Dr North Adelaide SA AU
61b7b30033091e10a0c67c845d5c7bb2,1,adept-it.com,390777587.0,2 Grevillea Cres Hoppers Crossing VIC AU
6835ed33871bed10852d0e170cbb3584,-1,aderant.com,,NZ
6c85c4ba1b6c5d90d1f74119b04bcb48,-1,adf.org.au,,AU
836f47741b807990d1f74119b04bcb19,-1,adfinis.com.au,721033915.0,"Suite 3.10, TC Beirne Building, Fortitude Valley Queensland AU"
67aaf0c41b7380108321311d0d4bcb8c,-1,adg.org.au,,NSW AU
af26abf31b5fd410a18b311d0d4bcb0c,-1,adgce.com,,"584 Milton Rd, Toowong QLD AU"
95cb64811bd5d5d01c3ddc6fcc4bcb06,8,adgehotel.com.au,,AU
e1525181db2af550ecfba6bad396194d,-1,adgnt.com.au,,1 HENRY WRIGLEY DRIVE EATON NORTHERN TERRITORY AU
67ff0aec1b8f6850d5d38738dc4bcb25,-1,adhb.health.nz,,. NZ
7d202d4c1b3d7990d1f74119b04bcb1f,-1,adhisakti.com,,INDO
dd5bb4021bff5090b8ec33fccc4bcb06,-1,adica.com.au,,"Level 8, 390 St Kilda Road Melbourne Victoria AU"
b4ea3c081b7380108321311d0d4bcba4,1,adidas.com.au,,VIC AU
018afc441b7380108321311d0d4bcb15,-1,adit.net.au,611300553101.0,46 Campbell Streey Bowen Hills QLD AU
24ea3c081b7380108321311d0d4bcb85,1,adits.com.au,,QLD AU
cc132ca61bb31510d1f74119b04bcb3f,12,adjconsuling.com,,AU
4c1bb0881b7380108321311d0d4bcbc6,-1,adjudication.co.uk,,WA AU
b06bb40c1b7380108321311d0d4bcb75,-1,adnet-technology.com.au,289202060.0,"8/53 WALKER Streets, North Sydney NSW AU"
d79af8841b7380108321311d0d4bcb7a,-1,adnews.com.au,,"DON PETERSON APN News & Media Suite 25, Mosman NSW AU"
1da1cfcbdbc7b89036e3d383f3961925,-1,adorebeauty.com.au,,Level 1 Northcote VIC AU
f69ab8841b7380108321311d0d4bcb1b,-1,adpconsulting.com.au,,VIC AU
ee08cf7b87ffb910852d0e170cbb3595,-1,adpholdings.com,,AU
055d4420339466146049b4646d5c7bd5,19,adraf.pl,,1 RUE DE LA SOMME NOUMEA NZ
8c42a8b683ed261058f18798beaad3f5,-1,adrcentre.com.au,,"Level 2, 129 Hurstmere Road Takapuna Auckland NZ"
d3f1929f33734210a0c67c845d5c7b71,-1,adriley.co.nz,6449166200.0,137 Thorndon Quay Wellington NZ
6eda38081b7380108321311d0d4bcb69,6,adshel.com.au,,"The Forum, Level 9, 205 Pacific Highway St Leonards NSW AU"
ba19a843c3da56d01a9c742a050131b0,-1,adsi.org.au,,17 Macquarie Road Auburn NSW AU
79348f1b1b365910d1f74119b04bcba0,0,adsialog.com,,"Blk 3 Lot 3A Washington Road, Lapu-Lapu PH"
058afc441b7380108321311d0d4bcb0e,6,adtsecurity.com.au,61299477108.0,38 South St Rydalmere NSW AU
0114e14e1b297d10b37020e6b04bcb86,13,advahealthsolutions.com,,SG
ddaafc841b7380108321311d0d4bcb5b,18,advaloracorp.com,61296348179.0,"Level 32, 101 Miller Street North Sydney NSW AU"
7333607ec31f1a501a9c742a05013165,18,advancecivil.com.au,,867 (11 Mile) Stuart Hwy Holtze NT AU
59c7f30033091e10a0c67c845d5c7bb5,-1,advancedcomms.com.au,269222222.0,94 Hammond Avenue Wagga Wagga NSW AU
349153ef33a99a10a0c67c845d5c7b2d,17,advancednavigation.com,,AU
4d5b495dc3279e901a9c742a05013153,-1,advancedspecialisedbuilders.com,,AU
098afc441b7380108321311d0d4bcb10,-1,advancedtechnical.com.au,611300728760.0,74C Lonsdale Avenue Berowra Heights NSW AU
1a4bb1311b734150d1f74119b04bcbcb,-1,advancefood.com.ph,,"52 Meritt, Betterhomes Subdivision Marikina PH"
04da235633a9de106049b4646d5c7b9d,-1,advancegroups.com.au,,AU
0860d6f533bbda106049b4646d5c7b18,-1,advancequip.co.nz,,NZ
fdef36d083d2d69058f18798beaad36a,-1,advanta.com.au,,AU
f2009eec1b8f6850d5d38738dc4bcbbf,-1,advantage.nz,63588999.0,46 Grey St Palmerston North . NZ
1f48228dc3df1e101a9c742a0501311c,-1,advantagegroup.com,,AU
3bbaf8c41b7380108321311d0d4bcb70,-1,advantagetechnology.com.au,,"Suite 1, 58-62 Rupert Street Collingwood VIC AU"
db6196fe83cfd65058f18798beaad378,-1,advantaseeds.com,,AU
26cf1a6333a75e106049b4646d5c7b1e,-1,advanteering.com.au,,AU
7169305a334c62d06049b4646d5c7be8,1,advaraheartcare.com,,"Level 10, 580 George St, Sydney, NSW 2000 Sydney New South Wales AU"
5b77d82d87cf3154852d0e170cbb35fc,-1,adventist.asia,,"Bypass, Silang Cavite PH"
67eab0481b7380108321311d0d4bcb27,-1,adventist.org.au,61298473333.0,148 Fox Valley Road Wahroonga NSW AU
dd25d4341bfd81109bdc98eb274bcb16,-1,adventist.technology,,148 Fox Valley Road Wahroonga New South Wales AU
e71fbf4083e9ee1058f18798beaad390,-1,adventisthealthcare.org.au,,AU
58ba34c41b7380108321311d0d4bcbb0,-1,adventistmedia.org.au,61298472222.0,148 Fox Valley Rd Wahroonga NSW AU
d2b4cde6c34f9e501a9c742a05013171,-1,adventistmission.org,,NZ
9c72e2ab1b69f550b37020e6b04bcbf8,-1,adventone.com,,PH
59112337330422146049b4646d5c7b19,14,adventsecurity.com.au,,AU
8228145ac37992501a9c742a050131e1,-1,adventureplus.net.au,,72 Latitude Boulevard Thomastown VIC AU
6e6f025ec3dac6941a9c742a05013150,-1,adventus.com,,"12th Floor, Salcedo Tower, 169 Makati City PH"
18d7770033091e10a0c67c845d5c7b4a,-1,adventusasia.com,467712387.0,"Suite 20.01, Level 20 Sydney NSW AU"
3a7a12361b86c1109d4e21fc274bcbee,-1,advicestreet.com.au,,"L5, 20 Bond Street Sydney New South Wales AU"
5c88ffef33a5d6506049b4646d5c7b1e,-1,adviserfp.com.au,,AU
f73e0a20c38f1e101a9c742a05013152,-1,adviserratings.com.au,,AU
393071e11bca95101c3ddc6fcc4bcb40,-1,advmf.com,,"11 Science Park Rd, Singapore SG"
85a399cd1b697510b37020e6b04bcb72,-1,advocare.org.au,,"Perron Place, Suite 4/61 Kitchener Avenue, Victoria Park WA AU"
a41862a083125a9058f18798beaad368,6,advtech.com.au,893024866.0,2/3 Furniss Rd Landsdale WA AU
173fce4433730650a0c67c845d5c7b6c,-1,adzuna.com.au,419188304.0,Unit 903/50 Clarence Street Sydney NSW AU
b3e5706733d5d2906049b4646d5c7bd5,20,aeasa.com.au,,AU
ceba38c41b7380108321311d0d4bcb8b,24,aec.gov.au,,ACT AU
e19af4841b7380108321311d0d4bcbce,-1,aecom.com,61735532000.0,"Level 8, 540 Wickham Street Fortitude Valley QLD AU"
0c999a0c337b9e10a0c67c845d5c7b12,-1,aed.nz,,"693 Tremaine Avenue, Palmerston North NZ"
eb234e3e87d90ed07bd08a1a0cbb3546,-1,aegin.net,,INDO
83c6fc1b87dddd50852d0e170cbb3502,6,aegis9.com.au,,244 Beasley St Farrer Australian Capital Territory AU
ff6a74441b7380108321311d0d4bcb73,21,aegiscareers.com.au,61392565000.0,"Level 6, 15 William Street Melbourne VIC AU"
8b327b6e83f6de1058f18798beaad32c,-1,aegisgroup.com.au,,"Level 12, 167 Macquarie Street Sydney NSW AU"
157a38441b7380108321311d0d4bcb0e,-1,aegonmarketing.com,61282079000.0,"Level 19, 9 Hunter Street Sydney NSW AU"
4acac1221b56e010b8ec33fccc4bcb52,-1,aemc.gov.au,,Level 6 201 Elizabeth Street Sydney NSW AU
6f6bfc0c1b7380108321311d0d4bcb57,-1,aemo.com.au,61733473908.0,L 22 530 COLLINS ST Melbourne VIC AU
81c657e1db7fb110ecfba6bad39619e2,-1,aeon.co.id,2129711000.0,"Plaza Kuningan, Menara Selatan, Lantai 3A Jakarta INDO"
56ba083e1bbc3d10d1f74119b04bcbd6,-1,aeonbank.com.my,,"Level 17, UOA Corporate Tower, Kuala Lumpur, MY"
30f333061b8031d0b37020e6b04bcb28,-1,aeoncredit.com.my,,Level 29 Menara Olympia No 8 Kuala Lumpur MY
38cf51981bc305109d4e21fc274bcb46,-1,aeonfantasy.com.my,,SG
61b847021bef0dd09d4e21fc274bcb22,-1,aeonphilippines.com.ph,,PH
f36a74441b7380108321311d0d4bcb64,-1,aer.gov.au,61396834271.0,"Level 8, 40 Market Street Melbourne VIC AU"
d3874269833dda1058f18798beaad347,1,aergo.com.au,,"Level 1, 385 MacArthur Avenue Hamilton QLD AU"
516978e11bd51c508321311d0d4bcb6b,-1,aerisnetworks.com.au,61892238000.0,"L2, 1 Walker Avenue Perth WA AU"
62da38081b7380108321311d0d4bcb75,-1,aerison.com,,15 Altona Street West Perth WA AU
70f02f923374d6106049b4646d5c7b1e,-1,aerisresources.com.au,,QLD AU
0f6a34441b7380108321311d0d4bcb35,6,aerocom.net.au,61295727200.0,"Office 1, 524-532 Parramatta Road Petersham NSW AU"
b49b178c1bfda5101c3ddc6fcc4bcb1e,-1,aeroqual.com,,NZ
2f384ac9337f9210a0c67c845d5c7b3d,22,aesirtech.com.au,,a1/35-39 Bourke Road Alexandria NSW AU
ea9f98e4c32a0e101a9c742a0501319a,-1,aesmith.com.au,,"60 Qantas Drive Brisbane Airport, QLD AU"
020180d983c6621058f18798beaad36f,-1,aesolutions.com.au,,AU
80628f131b99f910b37020e6b04bcba2,1,aesop.com,,AU
7d5a7eff3313c650a0c67c845d5c7bdc,-1,aestec.com.au,,28 Gladstone - Benaraby Road Gladstone QLD AU
291a51201b1a3510d1f74119b04bcb11,-1,aetos.com.sg,,SG
1854df111b94f910b37020e6b04bcb50,6,aet-tankers.com,,SG
a89a74841b7380108321311d0d4bcbde,-1,aeuvic.asn.au,61394172822.0,112 Trenerry Crescent Abbotsford VIC AU
e91b74881b7380108321311d0d4bcb6b,-1,afca.org.au,,GPO Box 3 Melbourne VIC AU
6a4246badb28ce50ecfba6bad3961936,-1,afcx.com.au,,NSW AU
2e7f6df13330d210a0c67c845d5c7bea,-1,affinda.com,,"Flinders St Melbourne, Victoria AU"
ed4a752e839e069458f18798beaad3d9,23,affinidi.com,,SG
d44784a1c32d2a501a9c742a050131d2,-1,affinityconstructions.com.au,,1/145 Gladstone Street Fyshwick Aust Capital Terr AU
3c5a3e661b1cb150b37020e6b04bcb4c,-1,affinitydata.com.au,,AU
22b233551bc46550d1f74119b04bcbf6,-1,affinityequity.com,,SG
9ed7770033091e10a0c67c845d5c7b4f,-1,affinitymsp.com.au,1300943486.0,"Suite 91, Level 2-UL40 Chadstsone VIC AU"
14e7770033091e10a0c67c845d5c7b55,-1,affinitysystems.com.au,894563166.0,"Unit 19, 63 Knutsford Avenue Rivervale WA AU"
b0aabc841b7380108321311d0d4bcb0b,-1,affirmsoftware.com.au,,"Level 4, 343 Little Collins Street Melbourne VIC AU"
0d0b3c481b7380108321311d0d4bcb79,14,affix.net.au,,NSW AU
f532df731bb495501c3ddc6fcc4bcb13,10,afford.com.au,,3–7 Marieanne Place Minchinbury NSW AU
39eabc081b7380108321311d0d4bcbae,5,afgonline.com.au,610894207885.0,100 Havelock Street Perth WA AU
f74f2597db32b45036e3d383f396197f,-1,afi.com.au,,54 Enterprise Drive Bundoora Melbourne VIC AU
addab4081b7380108321311d0d4bcb6e,24,afl.com.au,,140 Harbour Esplanade DOCKLANDS Vic AU
15b14897876e1110852d0e170cbb354e,7,aflua.com.au,,AU
52841ac41b479d10d1f74119b04bcb52,-1,afma.com.au,,AU
b88b308c1b7380108321311d0d4bcb68,24,afma.gov.au,,"Level 6, 73 Northbourne Ave CIVIC ACT AU"
df0b70881b7380108321311d0d4bcb36,-1,afp.gov.au,,ACT AU
3351c599db004250ecfba6bad396199e,-1,afp.mil.ph,,"Camp Aguinaldo, Quezon City PH"
976b6a643340e290a0c67c845d5c7b9b,7,afpg.com.au,,AU
17c4d8de87d2b510852d0e170cbb35a8,21,afpslai.com.ph,,PH
4a7bf44c1b7380108321311d0d4bcbdf,-1,afr.com,,Exchange Centre 20 Bridge St Sydney NSW Sydney NSW AU
4fea70481b7380108321311d0d4bcb48,-1,afsa.gov.au,,GPO Box 821 Canberra ACT AU
b258cbb61bcb4550a18b311d0d4bcb8e,-1,afsa.net.au,,AU
c7c230481b0ed9101c3ddc6fcc4bcbd7,7,afsbendigo.com.au,,AU
cd90190b3380aad06049b4646d5c7b17,9,afsnt.com.au,,AU
38b253be336396106049b4646d5c7b44,-1,aftermarket.com.au,,AU
fb6a74441b7380108321311d0d4bcb83,-1,aftrs.edu.au,61298056611.0,PO Box 2286 Strawberry Hills NSW AU
df00deec1b8f6850d5d38738dc4bcb9f,-1,aftygh.gov.tw,,. NZ
6aba78c41b7380108321311d0d4bcb24,0,ag.gov.au,,ACT AU
768fa2071b978d90a18b311d0d4bcb8e,8,agaaustralia.com.au,,AU
c4ba34c41b7380108321311d0d4bcb52,21,agc-ausgroup.com,862104500.0,"L1, 18-32 Parliament Pl West Perth WA AU"
31eabc081b7380108321311d0d4bcbbc,-1,agc-ausgroup.com.au,610862104558.0,"Level 1, 18-32 Parliament Place West Perth WA AU"
a90b7c481b7380108321311d0d4bcbea,4,agcnetworks.com,61298861000.0,"Ground Floor East, Avaya House,123 Epping Road North Ryde NSW AU"
7e26c5241b93cd50a18b311d0d4bcb13,-1,agcoombs.com.au,,26 Cochranes Road Moorabbin Victoria AU
c054c46f1bec3d10d1f74119b04bcbf9,-1,agd.gov.sg,,SG
907ab4441b7380108321311d0d4bcb97,-1,agd.sa.gov.au,61882071555.0,GPO Box 464 Adelaide SA AU
e0c703ce1baf0dd09d4e21fc274bcbf1,-1,agdatacom.com,,PH
203a0de61b501550b37020e6b04bcbc4,-1,agdinfotech.com,,PH
8528ca15334d1650a0c67c845d5c7bcc,-1,agedcareguide.com.au,,20-24 Cheddar Street Blakehurst NSW AU
6ac097c233342ad0a0c67c845d5c7b10,4,agedcarequality.gov.au,,AU
07ca70081b7380108321311d0d4bcb8f,-1,agfahealthcare.com,397564312.0,"PO Box 9149, Scoresby Vic AU"
7b0b70881b7380108321311d0d4bcbf3,-1,agfseeds.com.au,,VIC AU
ac610cc333e8ea50a0c67c845d5c7b5c,28,agig.com.au,,AU
2e47e0a83318e214a0c67c845d5c7b37,23,agilebt.com,61412358426.0,Brisbane QLD AU
0cca3cc41b7380108321311d0d4bcb4c,-1,agilebydesign.com.au,61863164623.0,"Level 27, St Martins Tower, 44 St George?s Terrace Perth WA AU"
88faf0481b7380108321311d0d4bcb2a,-1,agiledigital.com.au,611300858277.0,Canberra ACT AU
35baf4c41b7380108321311d0d4bcbff,-1,agiletech.com.au,61294122869.0,PO BOX 627 Chatswood NSW AU
f3a1259c335962506049b4646d5c7bc0,15,agilisca.com.au,,"U 1 1000 Waterworks Rd The Gap, QLD AU"
942244cc87061910852d0e170cbb3579,-1,ag-it.com,,"PQ4M+VFR, RT.4/RW.1, Lebak Bulus, Cilandak, South INDO"
82be69bc1b063910d1f74119b04bcb52,-1,agiva-indonesia.com,,INDO
c6c13132331866106049b4646d5c7b2a,1,agl.com.au,,AU
b63d865083964ad058f18798beaad3da,19,aglobaloffice.com,,16F Unit 1605 Parkway Corporate Center Alabang Muntinlupa City PH
634b92381bfe95101c3ddc6fcc4bcb3e,6,agoda.com,,AU
867869aa87292550852d0e170cbb355c,-1,agpglobal.com,,"Batangas Heavy Fabrication Yard, Bgy San Roque Bau Batangas City, Philippines PH"
1efe2190873e2550852d0e170cbb357b,-1,agpieco.com,,PH
711016201bcf6850d5d38738dc4bcbd1,-1,agresearch.co.nz,,"1365 Springs Road Lincoln, Christchurch NZ"
1a7ab8441b7380108321311d0d4bcb11,21,agresso.com.au,61285709000.0,"Suite 5, Jones Bay Wharf, 26-32 Pirrama Rd Pyrmont NSW AU"
d84726ec1bcda910d1f74119b04bcb4e,-1,agrf.org.au,,AU
9afc839c1b2ad1d01c3ddc6fcc4bcb9c,0,agribank.com.ph,,"Ropali Plaza, Escriva Drive, Brgy. San Antonio, Or PH"
53cab0081b7380108321311d0d4bcb32,-1,agriculture.gov.au,,. AU
4b6443f91be5f950d1f74119b04bcb8c,-1,agriculture.vic.gov.au,,5 Ring Road Melbourne VIC AU
e2ddcb7e332396106049b4646d5c7b41,1,agrimaster.com.au,,L 1 160 ONSLOW RD SHENTON PARK WA AU
9f22ff941b222d101c3ddc6fcc4bcb75,-1,agrinous.com.au,,"108A Lowndes St, AU"
51bab4c41b7380108321311d0d4bcbb8,-1,ags.gov.au,61262537000.0,Locked Bag 7246 Canberra Mail Centre ACT AU
47ff825b1bbd25901c3ddc6fcc4bcb94,2,agsecurity.com.au,882310411.0,"21 Howie Avenue, Torrensville SA AU"
d717cb931b7b30909bdc98eb274bcb93,-1,agsworld.com,,11-13 Friendship Rd Port Botany NSW AU
984af0c41b43dd10b37020e6b04bcb83,-1,agtbreeding.com.au,,AU
84e09eb61b329410a18b311d0d4bcbd0,-1,agtslots.com,,10 Holker Street Sydney NSW AU
cac912691b563050a18b311d0d4bcb7f,-1,agztechnology.au,280694049.0,3 Anderson Street Bexley NSW AU
d7ab962f33b2c6906049b4646d5c7b58,-1,ahaconsulting.com.au,,AU
929a78841b7380108321311d0d4bcb7d,-1,ahc.sa.gov.au,61884080400.0,63 Mount Barker Rd Stirling SA AU
cd0652a48721a510852d0e170cbb353f,12,ahead.com,,AU
f87af4441b7380108321311d0d4bcb49,-1,ahg.com.au,61894227676.0,21 Old Aberdeen Place West Perth WA AU
930c9952334156506049b4646d5c7bdf,-1,ahjackson.com,,520 Wickham Street Fortitude Valley QLD AU
a4ba74c41b7380108321311d0d4bcb68,-1,ahl.com.au,61293736600.0,"Level 20, 227 Elizabeth St Sydney NSW AU"
e5c62682db837110ecfba6bad3961901,-1,ahl.gov.au,,AU
fa1a87b78331669058f18798beaad308,-1,aho.nsw.gov.au,,"4 Parramatta Square, 12 Darcy St Parramatta NSW AU"
4b3ef767db833510ecfba6bad39619a7,-1,ahoyahoy.com,412181865.0,"Ground Floor/1 Rawson Street, Wollongong NSW AU"
d93d9e92334956506049b4646d5c7bb2,7,ahoyclub.com,,AU
3ddaf4081b7380108321311d0d4bcb17,-1,ahpra.gov.au,,Level 7 111 Bourke Street Melbourne VIC AU
c589a8b487872910852d0e170cbb35fc,1,ahrens.com.au,,"Wilhelm Road, Kingsford SA AU"
e80bf8481b7380108321311d0d4bcba7,-1,ahs.qld.edu.au,,547 Ann Street Brisbane QLD AU
4259e44c1bfb6510b37020e6b04bcb37,-1,ahtc.sg,,Block 810 Hougang Central Singapore SG
8af7f70033091e10a0c67c845d5c7b9b,-1,ahtgroup.com.au,872219220.0,Unit 1/ 2-6 Stirling Street Thebarton SA AU
a6009eec1b8f6850d5d38738dc4bcb30,-1,aia.co.nz,,"The AIA Building, Level 15 5-7 Byron Avenue, Taka Auckland &quot;.&quot; NZ"
32da38081b7380108321311d0d4bcbce,6,aia.com.au,,509 St Kilda Road Melbourne VIC AU
41d116581bb71150d1f74119b04bcb58,-1,aia.nsw.edu.au,,ACT AU
0b1e7d67333a86906049b4646d5c7b0b,-1,aib.edu.au,,AU
b9baf4c41b7380108321311d0d4bcbae,-1,aibtglobal.edu.au,,18 Mt Gravatt-Capalaba Road Upper Mount Gravatt Brisbane AU
24030c0933286a106049b4646d5c7bc4,-1,aicanz.co.nz,,"149 Corbett Road, Bell Block NZ"
e51b74881b7380108321311d0d4bcb7b,-1,aicd.com.au,,"18 Jamison St, Sydney NSW 2000 Sydney NSW AU"
2a58ab361b9dd1141c3ddc6fcc4bcb5c,0,ai-cs.com,,"347 L. Gonzales Street, Mandaluyong PH"
058afc441b7380108321311d0d4bcb17,-1,aics.com.au,61285685000.0,L1 10 Bridge Road Stanmore NSW AU
4d5de8f61bac9d90b37020e6b04bcb27,1,aidacare.com.au,,"Building 3A, 1 Moorebank Avenue Moorebank NSW NZ"
011b34881b7380108321311d0d4bcb7a,-1,aig.com.au,,19/2 Park St Sydney NSW AU
fc1092201bcf6850d5d38738dc4bcba0,-1,aig.org.au,,1 Fairway Drive Lower Hutt Wellington NZ
3b9a3c841b7380108321311d0d4bcb28,-1,aigroup.com.au,,51 Walker Street North Sydney NSW AU
051689501b276090b8ec33fccc4bcb67,5,aihw.gov.au,,1 Thynne Street Bruce ACT AU
320b30881b7380108321311d0d4bcb31,-1,aiic.qld.edu.au,,QLD AU
9510d2201bcf6850d5d38738dc4bcbec,-1,aiims.edu,,. NZ
8ea71caa33416a10a0c67c845d5c7b01,-1,ailnz.co.nz,,NZ
8f9ab8841b7380108321311d0d4bcb8a,-1,ai-media.tv,,NSW AU
9a9a78841b7380108321311d0d4bcb54,-1,aims.gov.au,61747534444.0,Cape Cleveland Rd Cape Ferguson QLD AU
fcc70e151bacb4509d4e21fc274bcb94,-1,aimsptyltd.com,,29/1 Wellington Crescent East Melbourne VIC AU
b3eab0481b7380108321311d0d4bcbea,-1,aimwa.com,,76 Birkdale Floreat WA AU
8f9d8cdd1bbbcd10b37020e6b04bcb07,-1,ainqa.com,,MY
91faa0a9c35b12501a9c742a0501311f,9,aiphone.com.au,,AU
6b73fc0933819250a0c67c845d5c7b31,25,airbagman.com.au,,"2 Robertson Street, Brendale QLD AU"
1daafc841b7380108321311d0d4bcb32,0,airborn.cloud,282431003.0,"Level 12, 234 George Street Sydney NSW AU"
3f9a3c841b7380108321311d0d4bcb57,6,airbus.com,,50 Schneider Road Eagle Farm QLD AU
b3a6002b336f9a106049b4646d5c7b53,16,air-caledonie.nc,,NZ
dcf5401733239610a0c67c845d5c7b1c,-1,aircalin.com.au,,NZ
eeca30081b7380108321311d0d4bcbba,-1,aircobrands.com.au,297378377.0,1 Short Street Auburn NSW AU
bcca125f87915190852d0e170cbb3567,-1,airfastindonesia.com,,INDO
f489e057871fb950852d0e170cbb35ad,-1,airfoilservices.com,,"No 12, Jalan Teknologi, Taman Sains Selangor 1, Petaling Jaya Selangor MY"
aa300f21331746106049b4646d5c7bd7,-1,airforcemuseum.co.nz,,NZ
ee9a78841b7380108321311d0d4bcbf2,1,airliquide.com,,NSW AU
699af4841b7380108321311d0d4bcb8f,-1,airloom.com,430042676.0,"Level 1, 94-96 Cooper Street Surry Hills NSW AU"
051b34881b7380108321311d0d4bcb58,-1,airmaestro.net,,Level 3/124 South Tce Adelaide SA AU
15043c2b3387ce146049b4646d5c7b55,-1,airmarket.com.sg,,SG
deff06ec1b8f6850d5d38738dc4bcbe7,21,airnewzealand.com.au,6493362400.0,185 Fanshawe Street Auckland NZ
84c3771b1b8e4910a18b311d0d4bcb07,1,airnorth.com.au,,AU
4510d2201bcf6850d5d38738dc4bcb09,-1,airportsfiji.com,,AFL Compound Nadi Airport Namaka Nadi NZ
651a3f2cc3839e101a9c742a050131fd,-1,airpower.com.au,,880 Stuart Highway Pinelands NT AU
04f47d24c3b586101a9c742a0501316c,14,airroad.com.au,,AU
880f1ef71b58a114d1f74119b04bcba6,0,airselangor.com,,"Level 4 Air Selangor Office, Kuala Lumpur, Malaysia MY"
4fbab8c41b7380108321311d0d4bcb5a,-1,airservicesaustralia.com,61262684111.0,"Alan Woods Building, 25 Constitution Ave Canberra ACT AU"
68c7a7dddbe6b950ecfba6bad396190c,-1,airtasker.com,,AU
ad102eed33b4e2d0a0c67c845d5c7be4,-1,airtree.vc,,131 Devonshire Street Surry Hills New South Wales AU
7b31730bdb349150bb35617305961940,-1,airtrunk.com,,Level 11/1 Pacific Hwy North Sydney NSW AU
f3ecd9781b48d510b37020e6b04bcbd7,-1,airways.co.nz,,28 Sir William Pickering Dr RUSSLEY NZ
68ff42ec1b8f6850d5d38738dc4bcbd3,4,airworkgroup.com,,NZ
87ff86ec1b8f6850d5d38738dc4bcbaf,1,aiscorp.co.nz,,NZ
098afc441b7380108321311d0d4bcb19,0,aish.com.au,61870713411.0,134 Glen Osmond Rd Parkside SA AU
349ab4841b7380108321311d0d4bcb73,-1,aitc.qld.edu.au,61756350400.0,281 Scottsdale Drive Robina QLD AU
6c0f7e84db337c1036e3d383f39619c6,1,aitken.com.au,,"Level 28, 140 William Street Melbourne VIC AU"
ffd5e96d1bdfd550b37020e6b04bcb28,-1,aitkens.co.nz,,NZ
e01bf0881b7380108321311d0d4bcb98,-1,ajaxconsulting.net,,VIC AU
10927e75db844650ecfba6bad39619d0,-1,ajg.co.nz,,Entrance cnr Fanshawe and PARNELL Auckland NZ
19aafc841b7380108321311d0d4bcb30,-1,ajg.com,,"Level 12, 201 Miller St North Sydney NSW AU"
8faab0c41b7380108321311d0d4bcb78,3,ajg.com.au,,"Level 12, 201 Miller Street North Sydney NSW AU"
8a06264b1b721910b37020e6b04bcb6c,-1,ajhs.com.au,280360143.0,148 Darlinghurst Road Darlinghurst NSW AU
d1aafc841b7380108321311d0d4bcb5e,-1,ajilon.com.au,1300780077.0,"Level 2, 68 Pitt Street, Sydney NSW AU"
81ff82ec1b8f6850d5d38738dc4bcbdc,0,ajpark.com,,NZ
88dc185a1b730550d1f74119b04bcba2,-1,akati.com,,MY
ccb1957733551690a0c67c845d5c7b3a,-1,akayshaenergy.com,,AU
846fedd51b75fc50a18b311d0d4bcb2e,9,akcs.com.au,,AU
423201148343161058f18798beaad30d,9,akelaconstructions.com.au,,AU
d82f7420c3e962501a9c742a050131c6,16,akguam.com,,NZ
8222eca1330da210a0c67c845d5c7b95,9,akooramak.org.au,,AU
2aa0a4d033c91e10a0c67c845d5c7bd9,-1,akqa.com,6493203633.0,"Level 2, 36 Lorne Street Auckland NZ"
1a005eec1b8f6850d5d38738dc4bcbe2,-1,aku.edu,,NZ
6aea30481b7380108321311d0d4bcb5a,-1,akurit.com.au,400640411.0,PO BOX 23 Hove SA AU
a70012201bcf6850d5d38738dc4bcb03,-1,al.nz,,. NZ
1e7ab8441b7380108321311d0d4bcb13,-1,aladn.com.au,61393791340.0,6/2 North Ave Strathmore VIC AU
04ca3cc41b7380108321311d0d4bcb3f,22,alamandacollege.vic.edu.au,,86-100 Alamanda Boulevarde Point Cook VIC AU
a71f56edc39a5a901a9c742a05013109,8,alanmancemotors.com.au,,AU
84667b471ba871d0b37020e6b04bcb46,-1,alasoplascpas.com,,PH
16cc5ffb334caed0a0c67c845d5c7b52,-1,alassoc.com.au,,AU
3baaf0c41b7380108321311d0d4bcbe7,2,albany.wa.gov.au,,102 North Road Yakamia WA AU
c2daf4081b7380108321311d0d4bcbad,1,albright.com.au,,295 Whitehall St Yarraville VIC AU
4c7ab4441b7380108321311d0d4bcb0e,-1,alburycity.nsw.gov.au,,553 Kiewa Street Albury NSW AU
33f86e4a87cb7554852d0e170cbb3534,8,alc.org.au,,AU
1a40eac9dbe23950ecfba6bad3961906,13,alcantaragroup.com,,PH
236a74441b7380108321311d0d4bcb36,9,alcatel-lucent.com,,5 Rider Boulevard Rhodes NSW AU
45f770cf338156106049b4646d5c7b7e,9,alchemysec.com.au,,AU
d59e5a911b7d55901c3ddc6fcc4bcb5e,28,alcidion.com,,AU
b79ab827db92fd10ecfba6bad39619fb,-1,alcoa.com,,AU
80b7f84d3351e650a0c67c845d5c7bac,8,alctraining.com.au,,AU
96b12a303394e614a0c67c845d5c7b2d,12,alderandpartners.com.au,,AU
88087b0033091e10a0c67c845d5c7b79,-1,aldertech.com.au,392216185.0,"Level 27, 101 Collins Street Melbourne VIC AU"
ce087b0033091e10a0c67c845d5c7b7e,-1,alephit.com.au,474820125.0,iChoice Building Level 1 Strathfield NSW AU
0e00ab9c1b43a5101c3ddc6fcc4bcbba,20,alex.bank,,AU
bca561968356c29458f18798beaad321,-1,alexander.com.au,,11 King William St South Australia AU
c0faf0481b7380108321311d0d4bcb28,1,alexandrina.sa.gov.au,,11 Cadell Street Goolwa SA AU
5954ca251b78b890a18b311d0d4bcbcb,20,alexsolutions.com,,AU
f857809cc302a2901a9c742a050131c6,-1,alexyusupov.com.au,,AU
3c009aec1b8f6850d5d38738dc4bcb09,29,alf.org.au,,NZ
0d8afc441b7380108321311d0d4bcb1b,-1,alfa.com.au,61293133333.0,620-632 Botany Rd Alexandria NSW AU
83b7d384dbd4c290ecfba6bad3961965,-1,alfa.com.ph,,PH
fed469da3397ca106049b4646d5c7bc2,-1,alfaconnections.com,,21 Woodlands Close Primz Biz Hub Singapore SG
857af4441b7380108321311d0d4bcbc4,-1,alfaisalcollege.com,61296461222.0,149 Auburn Rd Auburn NSW AU
0526af8bdb7a7dd0ecfba6bad396196f,-1,alfamart.com.ph,,"Alfamart Center, Daiichi Industrial Park Silang City PH"
160bfc481b7380108321311d0d4bcb50,-1,alfatron.com.au,,9/36 NEW STREET RINGWOOD VIC AU
03ca70081b7380108321311d0d4bcb96,4,alfredhealth.org.au,,. AU
069a38841b7380108321311d0d4bcb8a,1,alhgroup.com.au,61398291000.0,"Level 2, 10 Yarra Street South Yarra VIC AU"
86df999bdbfb7510ecfba6bad39619e7,11,alia.org.au,,9–11 Napier Close Deakin ACT AU
3de9a3f91b5b9490a18b311d0d4bcb98,-1,aliaxis.com,,47-59 Deeds Road North Plympton SA AU
719a38841b7380108321311d0d4bcb4a,25,alicesprings.nt.gov.au,61889500500.0,93 Todd Street Alice Springs NT AU
1b584a051b71ad101c3ddc6fcc4bcb64,-1,alimetry.com,,"Level 6, 70 Symonds St Auckland NZ"
fa16deb3db19055036e3d383f39619dc,-1,alintaenergy.com.au,,level 16/40 City Rd Southbank Victoria AU
5bbab8c41b7380108321311d0d4bcb85,-1,aliom.com.au,282468500.0,Level 4 131 York Street Sydney NSW AU
1d03cda9c3e65e141a9c742a050131c2,-1,alist.com.au,,AU
5b1d341a8311661058f18798beaad30c,-1,alk.nc,,NZ
f238d47f1be78510b37020e6b04bcb88,-1,all.accor.com,,401 MacPherson Rd Singapore SG
b2d45ee01bf5f850a18b311d0d4bcbba,13,allanmcneill.co.nz,,NZ
9784cd10339c6214a0c67c845d5c7bd5,1,allardpartners.com,,AU
d27ab8441b7380108321311d0d4bcb16,-1,allcomnetworks.com.au,61299211355.0,"Suite 7.02, 1 Chalmers Crescent Mascot NSW AU"
89bab4c41b7380108321311d0d4bcbb0,25,allcompng.com.pg,6753030300.0,"Goldie Tech Building, Waigani Industrial Gordons National Capital District AU"
14b068d033c91e10a0c67c845d5c7b1b,-1,alldigital.co.nz,64092810814.0,42F Constellation Drive Rosedale NZ
bb94010a33e812906049b4646d5c7ba3,1,allegisgroup.com,,Level 9 35 Clarence Street SYDNEY New South Wales AU
839ab8841b7380108321311d0d4bcb9f,9,allegrofunds.com.au,,NSW AU
e1f44e4f1ba030909d4e21fc274bcbe0,-1,allenandgledhill.com,,SG
ca76bbcb83d2121458f18798beaad3b9,1,allenandunwin.com,,AU
c9bab4c41b7380108321311d0d4bcb84,11,allens.com.au,61292304000.0,"Deutsche Bank Place, 126 Phillip St Sydney NSW AU"
06005eec1b8f6850d5d38738dc4bcb17,-1,alleviahospitals.co.nz,,. NZ
8619160f1b60b910d1f74119b04bcbd7,-1,allfooddistributors.com.au,394083855.0,95-99 Miller Street Epping Victoria AU
b83c7f1133a8ee10a0c67c845d5c7b3a,8,allg.org.au,,AU
4a3a8518c3caa2901a9c742a0501313e,-1,allgeo.com.au,,AU
b0009aec1b8f6850d5d38738dc4bcb05,-1,allianceairlines.com.au,,Invercargill NZ
b8a0fabc1bdaf510b37020e6b04bcbb1,-1,allianceautomation.com.au,,74 Dunhill Crescent Morningside QLD AU
03d02413db13e910ecfba6bad39619cb,-1,alliancebank.com.my,,"14th Floor, Menara Multi- Purpose Kuala Lumpur MY"
a0ba74c41b7380108321311d0d4bcb93,-1,alliancebernstein.com,61292551200.0,2 Chifley Square Sydney NSW AU
91ba40411bbb44101312982d0d4bcbf9,-1,alliancesoftware.com.au,,"Level 1, 234 Whitehorse Road Nunawading Victoria AU"
4c7a74441b7380108321311d0d4bcbfc,-1,allianz.com.au,,"Level 10, 2 Market Street Sydney NSW AU"
ecda34081b7380108321311d0d4bcb61,-1,allianz-assistance.com.au,,74 High Street Toowong QLD AU
870810571bb82110d1f74119b04bcb32,-1,allied.com,,15 Rakino Way Auckland NZ
93775b89335516506049b4646d5c7bb7,-1,alliedair.testing.cirrenalabs.com.au,,U4 49 Inspiration Dr WANGARA WA AU
3600c9c433d9ee106049b4646d5c7be0,-1,alliedcredit.com.au,,AU
de7ab8441b7380108321311d0d4bcb18,-1,alliedinfo.com.au,61299821510.0,67/176 South Creek Road Cromer NSW AU
5f9af8841b7380108321311d0d4bcb48,-1,alliedpinnacle.com,,"Level 4, Building G 1 Homebush Bay Drive Rhodes NSW AU"
62376b2e87076550852d0e170cbb35cf,-1,alliedtelesis.co.nz,,"27 Nazareth Ave Middleton Christchurch, NZ"
5d46210f83175e5058f18798beaad3be,1,allinsure.com.au,,AU
d38af0841b7380108321311d0d4bcbbb,-1,allit.au,262473222.0,PO Box 1134 CIVIC SQUARE ACT AU
6318bb0033091e10a0c67c845d5c7bf4,-1,allitservices.com.au,290910222.0,"Suite 49, 117 Old Pittwater Rd Brookvale NSW AU"
beea30481b7380108321311d0d4bcbef,1,allity.com.au,610294311000.0,1/39 Albany Street Crows Nest NSW AU
daeb20431bb3e950b37020e6b04bcb5f,-1,allobank.com,,Menara Bank Mega South Jakarta Jakarta INDO
aa49541d3378ee90a0c67c845d5c7b06,-1,allosante.nc,,NZ
78f8ed2187b6f5d0852d0e170cbb35d2,-1,allsaints.wa.edu.au,,WA AU
fba5a28a871a2914852d0e170cbb359c,-1,allsaintshome.org.sg,,11 Tampines Street 44 SIngapore SG
92c14e8583d69e9058f18798beaad345,8,allspec.au,,AU
d43dbf451bd01d10b37020e6b04bcb57,1,allstarsolutions.com.au,1300255782.0,8/61-63 Market Street Sydney NSW AU
11ea7c081b7380108321311d0d4bcbbd,1,alltasks.com.au,393127444.0,566 Somerville RdSunshine Sunshine West VIC AU
317adce81b931150b37020e6b04bcb43,1,alltypeengineering.com.au,,52 Hope Valley Road Naval Base WA AU
c7c215691be06810a18b311d0d4bcb99,-1,allworths.com.au,,AU
1bf78f06c36216541a9c742a050131be,-1,alnoori.nsw.edu.au,,AU
c20bbc481b7380108321311d0d4bcbb8,-1,alpa.asn.au,889446444.0,70 O'Sullivan Circuit East Arm NT AU
7a9ded441b7780108321311d0d4bcb24,-1,alphaclick.com.au,390135553.0,Suite D/1 International Drive Westmeadows VIC AU
ff65b631c3ab16d01a9c742a0501319c,13,alphacustoms.co.nz,,NZ
379a3c841b7380108321311d0d4bcb4a,-1,alphait.com.au,280714180.0,Unit 2/141-143 Hartley Rd Smeaton Grange NSW AU
78eb0e921b47a1501c3ddc6fcc4bcbb8,-1,alphaland.com.ph,,"Alphaland Makati Place 7232 Ayala Avenue Ext., Makati City PH"
3969144d836f521058f18798beaad3dd,1,alphamineplanning4u.com,61734088809.0,35 Bowsprit Cres Banksia Beach Queensland AU
39d9c8ec1b20e514d1f74119b04bcb8f,8,alphapointcapital.com,,NSW AU
1f6a34441b7380108321311d0d4bcb50,1,alphawest.com.au,280827800.0,1 Lyonpark Road Macquarie Park NSW AU
003ec1861b067510b37020e6b04bcb97,1,alpineresorts.vic.gov.au,,AU
99bab2e81bbb6d10d1f74119b04bcb24,-1,alpineshire.vic.gov.au,,2 Churchill Avenue Bright VIC AU
ee83c1d183790e1058f18798beaad3b4,-1,alpsmedical.com,,"Suite No. 02-03 and 02-04,2nd Floor, Kuala Lumpur MY"
d93f9f051bca01109bdc98eb274bcb78,-1,als.org.au,,7 Aberdeen St EAST PERTH WA AU
6632e57d1bf68d909d4e21fc274bcba8,-1,alsco.co.nz,,Auckland Auckland 2104 Auckland NZ
054cfb0bc3c396901a9c742a0501317b,-1,alsco.com.au,,AU
37e79b281b987510b37020e6b04bcb2e,-1,alsglobal.com,,AU
1d65b050c322ca101a9c742a0501319b,-1,alsnswact.org.au,,AU
8da67e681b5f21901c3ddc6fcc4bcb8e,-1,alsonsdev.com,,PH
f1f404801bc0f190d1f74119b04bcb91,-1,alsonspower.com,,"4th Floor Southgate Tower, 2258 Chino Roces Avenue Makati City PH"
2d1b90b8831e9a9058f18798beaad3ce,1,alspec.com.au,,AU
e20004c1c3d6d2901a9c742a05013108,14,alstom.com,,AU
51df7996871886d0852d0e170cbb35b1,1,alstomgroup.com,,AU
69983a0887032510852d0e170cbb35de,-1,alta-1.com.au,,AU
7b278f801b1d3110d1f74119b04bcbae,-1,altabriza.com,,"Station 2, Main Road, Balabag, Boracay Island Malan, Aklan PH"
57559befdb373910ecfba6bad39619d0,-1,altadenaheritage.org,,"W35R+4VQ, ML Quezon St, Valencia City, Bukidnon NZ"
d185f4c41bf605909d4e21fc274bcbf2,-1,altair-i.com,75766532.0,"19F, 88 Corporate Center, Valero Cor Sedeno Sts, Makati City Philippines SG"
67f0d2181bb71150d1f74119b04bcb92,-1,al-taqwa.vic.edu.au,,VIC AU
1e48ff0033091e10a0c67c845d5c7b40,19,alterego-technology.com,430309043.0,10 Valour Place Kellyville Ridge NSW AU
fbcab0081b7380108321311d0d4bcbea,-1,alternativeairlines.com,,Trading as Cobham Aviations Services Aus Adelaide Airport SA AU
99b79e5b33379650a0c67c845d5c7b8e,16,althermwest.co.nz,,NZ
de7ab8441b7380108321311d0d4bcb21,0,altisconsulting.com,292111522.0,"Level 6, 219-223 Castlereagh Street Sydney NSW AU"
5058ff0033091e10a0c67c845d5c7b46,1,altitud.com.au,286601540.0,"Unit 120, 2 Natura Rise Norwest NSW AU"
3bf4fa9087184a90852d0e170cbb35bc,1,altitudecode.com.au,488002079.0,97 Boyd Road Nundah Qld AU
85f146493381d250a0c67c845d5c7bef,12,altmansolon.com,,AU
5ddab4081b7380108321311d0d4bcb08,-1,alto.com.au,,734 Pacific Hwy Chatswood NSW AU
572a1c59331dd250a0c67c845d5c7b81,26,altogethergroup.com.au,,AU
28ea3c081b7380108321311d0d4bcb24,-1,altor.com,,33-69 ARBEE RD STOCKLEIGH 4280 QLD AU
9472665433e0e2106049b4646d5c7baa,5,altoraag.com.au,,95 TWYNAM STREET Temora NSW AU
b0aabc841b7380108321311d0d4bcb34,-1,altradservices-apac.com,,"Level 1, 18-32 Parliament Place West Perth WA AU"
2e7da69e1b95f110d1f74119b04bcb93,-1,alttab.com.au,408484372.0,16 Grays Road Gaythorne QLD AU
32ff86ec1b8f6850d5d38738dc4bcb3a,-1,altus.co.nz,6492721700.0,49 Business Parade North East Tamaki Auckland NZ
60b2a06a1b7f0950b37020e6b04bcb9f,-1,altustraffic.com.au,,L1 660 Lorimer Street Port Melbourne VIC AU
8a0b6c8f1b17ac50a18b311d0d4bcb98,-1,altvfx.com,,Darlinghurst NSW AU
e86a3515db76b1d0ecfba6bad39619b7,-1,aluminium-stewardship.org,,Balwyn East VIC AU
ff0455e587da2514852d0e170cbb35bb,-1,alvarium.co.nz,,15 Customs Street West Auckland Auckland NZ
06ca30081b7380108321311d0d4bcb13,1,alwaysupit.com.au,,"Suite 1, level 9, 189 O’riordan Street Mascot NSW AU"
f7baf8c41b7380108321311d0d4bcbc0,-1,alwindows.com.au,61734514100.0,4 Progress Street Yatala QLD QLD AU
163070d633f64a50a0c67c845d5c7b31,-1,alzheimerswa.org.au,,1/40 Subiaco Square Rd Subiaco WA AU
4da68a5d839e12d058f18798beaad34f,12,amadeus.com,,AU
d3439e3183ca661058f18798beaad35c,1,amaict.com.au,,21 GLADSTONE ST MOONEE PONDS VIC AU
5cba34c41b7380108321311d0d4bcbb2,-1,amal.com.au,61292306700.0,"Level 6, 9 Castlereagh St Sydney NSW AU"
59dafd9833f11e506049b4646d5c7bcc,-1,amanaliving.com.au,863706019.0,GROUND FLOOR 541 HAY STREET SUBIACO WA AU
ce9b8ce4837e129058f18798beaad30a,1,amaresafety.com.au,,125 Henderson Rd Rowville VIC AU
82d3ef2333f75a50a0c67c845d5c7b9e,-1,amaroktechnicalservices.co.uk,,361c Telephone Rd Puketaha Hamilton NZ
908bf6b2c3ded2d01a9c742a0501317c,1,amaroovillage.com.au,,AU
8dda74081b7380108321311d0d4bcb79,22,amartfurniture.com.au,,41 Brickworks Place Rochedale QLD AU
c017c36983ded2d058f18798beaad3e5,-1,amaru.co.nz,,NZ
728ab0841b7380108321311d0d4bcb7e,-1,amawa.com.au,409804583.0,1Nedlands4 Stirling Highway Perth WA AU
e69a78841b7380108321311d0d4bcbee,1,amaysim.com.au,,NSW AU
577f049c33491e10a0c67c845d5c7b23,0,amaze.com.au,1300137191.0,PO Box 7292 Alexandria NSW AU
aeb395448361861058f18798beaad31b,-1,amaze.org.au,,678 VICTORIA STREET RICHMOND VIC AU
caeafc081b7380108321311d0d4bcb77,1,amaze360.com,13007350050424.0,48 Wharf St Kangaroo Point QLD AU
7014e945332caa10a0c67c845d5c7b39,-1,amazingcommunityservices.com.au,,AU
68687f0adb6fb01036e3d383f39619c6,-1,amazon.com,,410 Terry Avenue North Seattle WA NZ
dc5ba04b1b2411d0b37020e6b04bcbbb,27,ambank.com.my,,MY
aa05e22587e59d10852d0e170cbb3555,27,ambankgroup.com,,SG
1ad209f633749a106049b4646d5c7bad,13,ambertech.com.au,,NZ
183d52388329e21058f18798beaad33c,1,ambiencelighting.com.au,,AU
cf6ac89933ff1610a0c67c845d5c7ba3,8,ambitiongrouplimited.com,,AU
af22a7c8c361ee101a9c742a050131af,28,ambiusindoorplants.com.au,,AU
878e8178877c0ed0852d0e170cbb3599,20,amblique.com,,AU
ac7ab4441b7380108321311d0d4bcbaf,-1,ambulance.nsw.gov.au,61293207777.0,Balmain Rd Rozelle NSW AU
15aafc841b7380108321311d0d4bcb2e,-1,ambulance.qld.gov.au,,"Emergency Services Centre, Cnr Park & K Kedron QLD AU"
0bca70081b7380108321311d0d4bcb9a,-1,ambulance.vic.gov.au,,375 Manningham Road Doncaster VIC AU
3baaf0c41b7380108321311d0d4bcbf9,-1,amc.org.au,,ACT AU
de16cf241b1361901c3ddc6fcc4bcb8d,-1,amcal.com.au,,AU
cf8495ba1b8aa0109bdc98eb274bcbaa,-1,amcconsultants.com,,AU
09681178c369e2501a9c742a0501319f,-1,amcham.com.au,,AU
d50b7c481b7380108321311d0d4bcb74,-1,amcom.com.au,892446000.0,GPO BOX 2541 Perth WA AU
eb9af8841b7380108321311d0d4bcbbb,15,amcor.com,,9-19 ROOKS RD NUNAWADING VIC AU
a9aafc841b7380108321311d0d4bcb8e,25,amcretail.com.au,,237/ 416 St Kilda Road Melbourne VIC AU
dacda8dbdbb37510ecfba6bad3961901,18,amdatex.com,63287750632.0,"Km 25 W Service Rd, Cupang Muntinlupa, Metro Manila AU"
3deabc081b7380108321311d0d4bcba7,1,amec.com.au,404027195.0,"Level 7, 197 St Georges Terrace Perth WA AU"
fd1eea678352561458f18798beaad367,-1,amerex.com.au,,AU
3485fe541b1af8109d4e21fc274bcb04,-1,americanlongrifles.org,,NZ
e79af8841b7380108321311d0d4bcbdd,8,ameropa.com.au,,L8 5 QUEENS RD Melbourne VIC AU
bc1b34881b7380108321311d0d4bcb04,8,ames.net.au,,"Level 4, 1 Little Collins Street Melbourne VIC AU"
28cebf11db650d5036e3d383f396198b,-1,amfibi.com,,"L5, 195 North Terrace Adelaide South Australia AU"
8b84b6ff1bc6b150d1f74119b04bcb3d,12,amfin.digitalnative.com.au,,AU
8865a4fb1b96e5101c3ddc6fcc4bcb3e,-1,amh.net.au,,SA AU
33f8ee2f3364a290a0c67c845d5c7baa,8,amicus.com.au,,AU
4ccaf8c41b7380108321311d0d4bcbf3,14,amidata.com.au,409900388.0,6 / 123 Chesterville Rd Highett VIC AU
811cd18a1bc2f510d1f74119b04bcbb1,13,amidata.tech,,PH
3bab085833491e10a0c67c845d5c7bee,-1,amisales.com.au,893310000.0,107 Forsyth Street O'Connor WA AU
1f1c46761b9b0d90a18b311d0d4bcb7f,29,amity.nsw.edu.au,,AU
af451005db137d10ecfba6bad39619d6,-1,amlc.gov.ph,,PH
91b9672933c42e906049b4646d5c7be9,6,amlhub.com.au,,NZ
ce81276d33442e906049b4646d5c7bac,6,amlsa.com.au,,103 Carlton Gore Road Newmarket AUCKLAND NZ
2f6a74441b7380108321311d0d4bcb0f,-1,amma.org.au,61396144777.0,"Level 10, 607 Bourke Street St Melbourne VIC AU"
92a66852db1a7510ecfba6bad39619c4,-1,amman.co.id,,INDO
247f482f33731a50a0c67c845d5c7bab,-1,ammjohn.com.au,61408085354.0,31/20 Hall Street Port Melbourne VIC AU
ac0bf8481b7380108321311d0d4bcbf9,-1,amnesium.com.au,261850321.0,Efkon House Weston Creek ACT AU
0d745bf2871211d0852d0e170cbb3578,-1,amnet.com.sg,,60 Kaki Bukit Place #06-11/12 Eunos Techpark SG
f1a7aa1bdbf3bc5036e3d383f39619d5,-1,amp.com.au,,AU
d04d728d338f0a506049b4646d5c7b52,-1,amp.energy,,Level 14/5 Martin Place Sydney NSW AU
801bb0881b7380108321311d0d4bcb7e,25,ampcontrolgroup.com,,6-10 Martin Drive Tomago NSW AU
210668601bfbfc109bdc98eb274bcbd1,1,amplife.com.au,,"LEVEL 20, 400 GEORGE STREET Sydney NSW AU"
b5ff06ec1b8f6850d5d38738dc4bcb52,-1,amplifon.com,,Auckland NZ
fe9ab8841b7380108321311d0d4bcb1f,9,amplitudeenergy.com.au,,SA AU
1db70ba8c3a31a901a9c742a05013168,-1,amplitudepower.com,,165 Gregory Terrace Spring Hill QLD AU
4af989b61be30110d1f74119b04bcbc7,-1,ampliz.com,,PH
23c51f391b6370109bdc98eb274bcbc7,-1,ampol.com.au,,"29-33 Bourke Rd, Alexandria Sydney NSW AU"
c0ba34c41b7380108321311d0d4bcb62,3,amrshire.wa.gov.au,897805257.0,41 Wallcliffe Rd Margaret River WA AU
4913eebd83ea065058f18798beaad328,-1,ams.edu.sg,,SG
5097241c1bb261101c3ddc6fcc4bcbc4,-1,ams.group,,655 MacArthur Avenue Central Pinkenba Queensland AU
381900811b4f8910a18b311d0d4bcb26,-1,ams.net.au,,155 Derby Rd SHENTON PARK AU
f6ba78c41b7380108321311d0d4bcbda,24,amsa.gov.au,61262795000.0,"82 Northbourne Avenue, Braddon Canberra ACT AU"
e3a1670f1b8dd0508321311d0d4bcb6e,-1,amsant.org.au,,Moonta House 43 Darwin NT AU
e1ec759a335bca106049b4646d5c7bd2,0,amsaustralia.com,,"130 Fauntleroy Ave, Perth, Western Australia AU"
5187050edbb37510ecfba6bad3961927,-1,amsidoctors.com.ph,,"National Highway, Brgy Halang, Calamba City Laguna NZ"
a9146caa830f165058f18798beaad3ae,1,amtek.com.au,,31 Chifley Drive Preston VIC AU
c66428661b3129501c3ddc6fcc4bcb5e,-1,amti.com.ph,9889788.0,7th Floor Alva Building Business Center Pasig City Metro Manila PH
180780731bb8b150d1f74119b04bcbfa,-1,amt-it.com,,INDO
2f5f628e87abe910852d0e170cbb358a,9,amusedgroup.com,,AU
539af8841b7380108321311d0d4bcb1e,-1,amway.com.au,,7-9 Irvine Pl Bella Vista NSW AU
24fd5d1733fa42906049b4646d5c7bfc,-1,amwire.com.ph,,8508 Km 16 South Luzon Expy Paranaque City PH
6e0378341b69f110b37020e6b04bcbd3,-1,amwslai.com.ph,,"AMWSLAI Building, Bonny Serrano, cor 18th Ave, Cubao, Quezon City PH"
92435a0b1b0cb5d0d1f74119b04bcbcf,9,anacacia.com.au,,AU
3f1c9a6f339f82506049b4646d5c7b70,0,anacrusis.co.nz,32130610.0,"Level 1, 162 Dee Street Invercargill NZ"
d5aafc841b7380108321311d0d4bcb60,1,anahata-it.com.au,390185053.0,408/225 Elizabeth Street Melbourne VIC AU
0098774033091e10a0c67c845d5c7bea,-1,anaheim-solutions.com,6567455728.0,185 Kaki Bukit Ave 1 Singapore AU
db8af0841b7380108321311d0d4bcbb6,-1,analyst.com.au,,NSW AU
d9aafc841b7380108321311d0d4bcb62,-1,analytics8.com,61292994430.0,28 Margaret Street Sydney NSW AU
e91016201bcf6850d5d38738dc4bcb68,16,anao.gov.au,,NI NZ
d679018d87b55590852d0e170cbb35e9,-1,anatas.com,422573400.0,"Unit Level 2/10 Bond Street, Sydney NSW AU"
42a639a51b189d10b37020e6b04bcbd6,-1,anatomics.com,,246 East Boundary Road Bentleigh East Victoria AU
2b6a74441b7380108321311d0d4bcb0d,-1,anbg.gov.au,262509450.0,Clunies Ross Street Acton ACT AU
d27ab8441b7380108321311d0d4bcb24,-1,anbultechnologies.com,,TBA AU
10398ea01b609190b37020e6b04bcb08,-1,anca.com,,AU
91bcdb9a1b8c1150b37020e6b04bcbba,-1,anchanto.com,,71 UBI ROAD 1 #09-47 SINGAPORE SINGAPORE SG
349ab4841b7380108321311d0d4bcb6a,18,anchor.com.au,61282965155.0,"Level 11, 201 Elizabeth Street Sydney NSW AU"
e423e4631b271850a18b311d0d4bcbc3,-1,anchoramconsulting.com.au,423219102.0,Canberra ACT AU
a63cd70cdbd4c290ecfba6bad3961906,13,ancilesolutions.com,,MY
5a0bfc481b7380108321311d0d4bcb1d,-1,ancis.com.au,,241 ABERCROMBIE ST DARLINGTON NSW AU
d658bb5b337742906049b4646d5c7b0b,-1,andalanservice.com,,INDO
ddaafc841b7380108321311d0d4bcb64,-1,andersenit.com.au,61732519333.0,"Head Office, 41/17 Bowen Bridge Road, Herston QLD AU"
06af8512330156506049b4646d5c7bec,-1,andersens.com.au,,29 Western Drive Gatton QLD AU
018afc441b7380108321311d0d4bcb1e,-1,andor.com.au,6124941922.0,9 Griffiths Road New Lambton NSW AU
ec6c3f081b11e010b8ec33fccc4bcb69,1,androgogic.com,,"26 National St, Leichhardt Sydney NSW AU"
9d7b41931bfd55101c3ddc6fcc4bcb6d,-1,anemoitechnologies.com,,3 albert coates lane Melbourne VIC AU
5d5e60361ba30110d1f74119b04bcbb1,1,anflocor.com,,"ANFLOCOR Building, 411 Quirino Avenue, Parañaque Paranaque PH"
2442be331be93990d1f74119b04bcb98,0,angkas.com,,PH
bd6881ce33096610a0c67c845d5c7b46,-1,angleauto.com.au,,AU
6b500310872a7550852d0e170cbb35e2,-1,anglefinance.com.au,,AU
d7bab8c41b7380108321311d0d4bcbcf,-1,anglicancare.com.au,61249580000.0,Toronto Road Booragul NSW AU
dedaf4081b7380108321311d0d4bcbe9,-1,anglicare.org.au,,"Level 2 Century Corporate Centre, 62 Nor Baulkham Hills NSW AU"
23e64af9c32e12541a9c742a0501312f,-1,anglicare-nt.org.au,,AU
190b7c481b7380108321311d0d4bcb3b,24,anglicaresa.com.au,,159 Port Road Hindmarsh SA AU
59ea7c081b7380108321311d0d4bcbba,-1,anglicaresq.org.au,,439 Ann Street Brisbane Brisbane QLD AU
90ae75d733e516506049b4646d5c7b81,-1,anglicarewa.org.au,,AU
a00b58d7db7c9150bb356173059619a8,-1,angliss.com.sg,,232 PANDAN LOOP SINGAPORE SINGAPORE SG
e4e42b791b4474109d4e21fc274bcb0f,-1,angliss.edu.au,,555 LA TROBE ST Melbourne Victoria AU
587ab4441b7380108321311d0d4bcb27,-1,angloamerican.com.au,61738341333.0,201 Charlotte Street Brisbane QLD AU
a17a38441b7380108321311d0d4bcb93,-1,anglogoldashanti.com,894254618.0,"Level 13, 44 St Georges Tce Perth WA AU"
b22d249733782214a0c67c845d5c7bcb,-1,anglotasman.com,,NZ
22673b2d3345e2106049b4646d5c7b3a,-1,angolalng.com,,"Level 3, Building 1,195 Wellington Road Victoria AU"
1bda78081b7380108321311d0d4bcbfd,1,angusknight.com.au,,nsw AU
132d951c33cc56906049b4646d5c7b02,-1,ani.com.au,,SA AU
923a4a981b96f110b37020e6b04bcba6,27,animalclinic.com.sg,,SG
760a73f0338c9a906049b4646d5c7b24,1,animalemergencyaustralia.com.au,,AU
f7eab0481b7380108321311d0d4bcbd2,-1,animallogic.com,,54/38 Driver Ave Moore Park NSW AU
51a0ff401b2585509bdc98eb274bcbd5,-1,animates.co.nz,,"132 Hutt Rd, Mount Victoria Wellington City NZ"
7eca70081b7380108321311d0d4bcb16,1,anittel.com.au,,PO BOX 1544 North Sydney NSW AU
43ea70481b7380108321311d0d4bcb15,1,anixter.com,,31/2 Slough Ave Silverwater NSW AU
223f0b1687437110852d0e170cbb35bc,9,ankura.com,,AU
4dda74081b7380108321311d0d4bcbae,5,anlscape.com.au,,317 Mona Vale Rd Terrey Hills NSW AU
cbffec7ac3c252501a9c742a050131fb,26,anmfsa.org.au,,AU
030ef8b71b1b81d0a18b311d0d4bcbfa,1,annalise.ai,,"Level 21, 60 Margaret Street Sydney NSW AU"
3d1beb7e1b85e110d1f74119b04bcb47,-1,annexdigitalinc.com,63283617313.0,1110 & 1112 High Street South Corporate Tower 2 Taguig City PH
c5eb202033f4d2d0a0c67c845d5c7b38,13,anomali.com,,NZ
012abac61b3139d0d1f74119b04bcb62,-1,anomaligroup.com,,INDO
a8832fbd83392a5058f18798beaad338,-1,anomaly.ltd,,202/37 Barrack Street Perth WA AU
4141392383c6529058f18798beaad38b,-1,anric.com.au,386782000.0,"Level 2, unit 1 Melbourne VIC AU"
604cb1a01bdfdd10d1f74119b04bcbd8,19,anrumpc.com,,"3rd Floor G Business Hub Building, 728 Shaw Boulev Barangay Wack-Wack, Mandaluyong City PH"
96ecf687db18495036e3d383f39619ae,28,ansarada.com,,AU
0f3fa1a9c3a29e141a9c742a050131a6,-1,ansettaviationtraining.com,,AU
cbca70081b7380108321311d0d4bcbbf,-1,ansto.gov.au,61297173111.0,"Accounts Dept , Locked Bag 2001 KIRRAWEE DC NSW AU"
5011fe9183d652d058f18798beaad304,8,ansvar.com.au,,AU
058afc441b7380108321311d0d4bcb20,-1,ant.net.au,414290366.0,39 Farrington Parade North Ryde NSW AU
3c9ab4841b7380108321311d0d4bcb80,10,antarctica.gov.au,61362323209.0,203 Channel Highway Kingston TAS AU
7bff0aec1b8f6850d5d38738dc4bcb2e,16,antarcticanz.govt.nz,,. NZ
d67ab8441b7380108321311d0d4bcb26,19,anthemsoftware.net,61861401888.0,"Unit 2, 45 Cedric St Stirling WA AU"
4bea70481b7380108321311d0d4bcb4f,4,anticlockwise.com.au,61290111700.0,"Level 4, 81 York Street Sydney NSW AU"
10ba9d3c33106a146049b4646d5c7b46,-1,antipodestrust.co.nz,,55/65 Shortland Street Auckland NZ
179c77fe332fd210a0c67c845d5c7b95,9,antoinetteferwerda.com.au,,AU
41a87750330ca2906049b4646d5c7b6f,1,antunes.com.au,,AU
a0ba74c41b7380108321311d0d4bcb8a,-1,anu.edu.au,61261255111.0,Barry Dr Acton ACT AU
0f1b6829c3a16a501a9c742a050131d0,-1,anuenterprise.com.au,,AU
8ab2b67a1bc74550a18b311d0d4bcb11,-1,anvelo.com.au,,"L28, 161 Castlereagh Street Sydney NSW AU"
330012201bcf6850d5d38738dc4bcbcf,-1,anvil.net.nz,95795432.0,"PO BOX 5702, Wellesley St Auckland NZ"
a67ef09587c4c250852d0e170cbb3538,-1,anyaresorts.com,,Buenavista Hills Road Tagaytay PH
4bea70481b7380108321311d0d4bcb07,-1,anz.co.nz,,"Ground Floor, ANZ Centre Auckland North Island AU"
7dcbdc978719dd50852d0e170cbb35e7,-1,anz.com,,"L 9, 833 Collins St, Docklands Melbourne VIC AU"
821056201bcf6850d5d38738dc4bcb84,-1,anz.com.au,,NZ
